id,txt_Name,type,icon,star,color,decorate,txt_Des,txt_FromDes,source,bag,sequence,stack,useLimit,funcBtn,func,funcParameter,baseAttr,armorCompose,rewardPreview,txt_Errorcode
int32,string,int32,string,int32,int32,[]int32,string,string,[]{int32 sourceId;int32 btn},int32,int32,int32,int32,[]string,string,[]int32,[]{int32 id;float val},[]{int32 id;int32 n},[]{int32 id;int32 n},string
20001,召唤水晶,10,zhaohuan_1,,3,,召唤水晶,,,1,10003,999999,9999,,,,,,,召唤水晶不足
20002,高级召唤水晶,10,zhaohuan_2,,5,1,高级召唤水晶,来源：珍宝商店,10002001~2,1,10002,999999,9999,,,,,,,高级召唤水晶不足
20003,龙之秘钥,10,zhaohuan_3,,6,2|3,用于异龙水晶中召唤指定元素的英雄,来源：珍宝商店,10003001~2,1,10001,999999,9999,,,,,,,龙之秘钥不足
20004,心愿水晶,10,zhaohuan_4,,6,2|3,用于心愿召唤活动中召唤心愿英雄,来源：心愿礼包,1095~1,1,10001,999999,9999,,,,,,,心愿水晶不足
20010,体力,50,tili,,3,,在空间裂隙中，参与各类事件的消耗道具,,,1,10005,999999,9999,,counter,1100006|1,,,,体力不足
20011,勇士券,10,quan_1,,3,,参与竞技场的凭证,来源：道具兑换,20011~4,1,10008,999999,9999,,,,,,,勇士券不足
20012,幸运轮盘币,10,bi_1,,3,,在轮盘中用于幸运轮盘抽取奖励的必要货币,来源：道具兑换,20012~4,1,10007,999999,9999,,,,,,,幸运轮盘币不足
20013,神秘轮盘币,10,bi_2,,5,1,在轮盘中用于神秘轮盘抽取奖励的必要货币,,,1,10006,999999,9999,,,,,,,神秘轮盘币不足
20014,能源水晶,10,stone_1,,5,3,高星英雄将星级继承给新英雄的必要材料,,,1,10006,999999,9999,,,,,,,能源水晶不足
20021,白色神器碎片,10,debris_01,,1,,集齐5个白色神器碎片，即可随机获得一件白色神器,,,1,7,999999,9999,,drop,5|120021,,,,白色神器碎片不足
20022,绿色神器碎片,10,debris_02,,2,,集齐10个绿色神器碎片，即可随机获得一件绿色神器,,,1,6,999999,9999,,drop,10|120022,,,,绿色神器碎片不足
20023,蓝色神器碎片,10,debris_03,,3,,集齐20个蓝色神器碎片，即可随机获得一件蓝色神器,,,1,5,999999,9999,,drop,20|120023,,,,蓝色神器碎片不足
20024,紫色神器碎片,10,debris_04,,4,,集齐40个紫色神器碎片，即可随机获得一件紫色神器,,,1,4,999999,9999,,drop,40|120024,,,,紫色神器碎片不足
20025,橙色神器碎片,10,debris_05,,5,1,集齐50个橙色神器碎片，即可随机获得一件橙色神器,来源：萌萌商店,10430001~2,1,3,999999,9999,,drop,50|120025,,,,橙色神器碎片不足
20026,红色神器碎片,10,debris_06,,6,3,集齐50个红色神器碎片，即可随机获得一件红色神器,来源：神秘轮盘、萌萌商店,1085~1|10431001~2,1,2,999999,9999,,drop,50|120026,,,,红色神器碎片不足
20027,金色神器碎片,10,debris_07,,7,,如果你得到这个道具，请上报bug领鸡腿~,,,1,1,999999,9999,,,,,,,金色神器碎片不足
20030,三系核心英雄宝匣,30,box_1,,6,1|2|3,可以任选以下三系核心英雄：水光、雷吼、暴君,,,1,3,99,1,,choose,1|20030,,,,三系核心英雄宝匣不足
20031,光暗核心英雄宝匣,30,box_2,,6,1|2|3,可以任选以下光暗核心英雄：明啸、赵云、幽冥勇者、恶魔猎人,,,1,2,99,1,,choose,1|20031,,,,光暗核心英雄宝匣不足
20032,光暗强袭者宝匣,30,box_2,,6,1|2|3,可以任选以下光暗强袭者英雄：灰袍巫师、圣堂武士、DIVA、暗龙女王,,,1,2,99,1,,choose,1|20032,,,,光暗强袭者宝匣不足
20033,精锐英雄宝匣,30,box_2,,6,1|2|3,可以任选以下5星精锐英雄：灰袍巫师、DIVA、鬼侍、水影杀手、电玩少女,来源：达标活动,,1,3,999,99,,choose,1|20033,,,,精锐英雄宝匣不足
20034,精锐英雄宝匣,30,box_2,,6,1|2|3,可以任选以下5星精锐英雄：雷特、黑暗之子、铁炮、水光、雷吼,来源：达标活动,,1,3,999,99,,choose,1|20034,,,,精锐英雄宝匣不足
20041,1阶装备箱,30,box_11,,2,,开启宝箱可以随机获得一件1阶绿色装备,,,1,3,999999,99,,drop,1|120041,,,,1阶装备箱不足
20042,2阶装备箱,30,box_11,,3,,开启宝箱可以随机获得一件2阶蓝色装备,,,1,3,999999,99,,drop,1|120042,,,,2阶装备箱不足
20043,3阶装备箱,30,box_12,,3,,开启宝箱可以随机获得一件3阶蓝色装备,,,1,3,999999,99,,drop,1|120043,,,,3阶装备箱不足
20044,4阶装备箱,30,box_12,,4,,开启宝箱可以随机获得一件4阶紫色装备,,,1,3,999999,99,,drop,1|120044,,,,4阶装备箱不足
20045,5阶装备箱,30,box_12,,4,,开启宝箱可以随机获得一件5阶紫色装备,,,1,3,999999,99,,drop,1|120045,,,,5阶装备箱不足
20047,7阶装备箱,30,box_13,,5,1,开启宝箱可以随机获得一件7阶橙色装备,,,1,3,999999,99,,drop,1|120047,,,,7阶装备箱不足
20050,10阶装备箱,30,box_14,,6,3,开启宝箱可以随机获得一件10阶红色装备,,,1,3,999999,99,,drop,1|120050,,,,10阶装备箱不足
20101,酒馆徽章,10,pub_1,,3,,在酒馆中使用后随机增加一个1-4星任务,来源：日常任务,1030~1,1,10005,999999,9999,,appoint,1|4,,,,酒馆徽章不足
20102,高级酒馆徽章,10,pub_2,,5,1,在酒馆中使用后随机增加一个5-7星任务,,,1,10004,999999,9999,,appoint,5|7,,,,高级酒馆徽章不足
20201,随机骰子（新服）,10,shaizi_xf,,4,,首轮大富翁的活动道具。（仅用于开服前7天的大富翁活动，活动结束后会被清除）,,,,,999999,9999,,,,,,,随机骰子（新服）不足
20202,指定骰子（新服）,10,shaizi_zd_xf,,5,1,首轮大富翁的活动道具。（仅用于开服前7天的大富翁活动，活动结束后会被清除）,,,,,999999,9999,,,,,,,指定骰子（新服）不足
20203,随机骰子,10,shaizi,,4,,大富翁活动道具,,,1,10004,999999,9999,,,,,,,随机骰子不足
20204,指定骰子,10,shaizi_zd,,5,1,大富翁活动道具,,,1,10004,999999,9999,,,,,,,指定骰子不足
20210,迷宫体力药水,101,potion1,,5,,在迷宫探宝中使用，可获得50点迷宫体力,来源：限时礼包,1071~1,1,10004,999999,9999,,counter,1100311|50,,,,迷宫体力药水不足
20211,迷宫大红药,101,potion2,,5,,在迷宫探宝中使用，可获得15点迷宫生命,来源：限时礼包,1071~1,1,10004,999999,9999,,counter,1100312|15,,,,迷宫大红药不足
20212,破损的生命药剂,102,potion3,,3,,用于在迷宫游商处兑换迷宫大红药,,,,,999999,9999,,,,,,,破损的生命药剂不足
20213,迷宫复活药水,101,potion4,,5,1,在迷宫探宝中使用，可在死亡时进行复活并回复10点生命,来源：限时礼包,1071~1,1,,999999,9999,,counter,1100312|10,,,,迷宫复活药水不足
20214,金矿石,102,ore1,,5,,用于在迷宫游商处兑换珍稀宝物,,,,,999999,9999,,,,,,,金矿石不足
20215,银矿石,102,ore2,,4,,用于在迷宫游商处兑换宝物,,,,,999999,9999,,,,,,,银矿石不足
20216,铜矿石,102,ore3,,3,,用于在迷宫游商处兑换宝物,,,,,999999,9999,,,,,,,铜矿石不足
20217,金镐头,101,spade1,,5,,在迷宫探宝中参与宝矿事件时使用，必定获得金矿石，更可获得珍稀物品,,,1,10004,999999,9999,,,,,,,金镐头不足
20218,银镐头,102,spade2,,4,,在迷宫探宝中参与宝矿事件时使用，可获得奖励,,,,,999999,9999,,,,,,,银镐头不足
20219,金钥匙,101,key1,,5,,在迷宫探宝中参与宝箱事件时使用，必定获得金镐头，更可获得珍稀物品,,,1,10004,999999,9999,,,,,,,金钥匙不足
20220,银钥匙,102,key2,,4,,在迷宫探宝中参与宝箱事件时使用，可获得奖励,,,,,999999,9999,,,,,,,银钥匙不足
20221,迷宫加成,10,new_com_btn_add,,5,3,随机掉落战斗加成效果，该效果只在迷宫探宝中生效,,,,,,,,,,,,,
20900,vip3头像框,10,frame_vip_1,,5,3,用于激活vip3头像框,,,1,3,1,1,,frame,1,,,,vip3头像框不足
20901,vip10头像框,10,frame_vip_2,,5,3,用于激活vip10头像框,,,1,2,1,1,,frame,2,,,,vip10头像框不足
20902,战力爆表,10,frame_12,,6,1|2|3,用于激活限时战力冲榜第一名头像框,,,1,2,1,1,,frame,2,,,,战力爆表不足
21031,3星英雄碎片,21,hero_refrence2,3,3,,集齐20个可随机召唤一个3星英雄,,,3,401,,,,drop,20|121031,,,,3星英雄碎片不足
21032,3星水系英雄碎片,22,hero_refrence2,3,3,,集齐20个可随机召唤一个水系3星英雄,,,3,407,,,,drop,20|121032,,,,3星水系英雄碎片不足
21033,3星雷系英雄碎片,23,hero_refrence2,3,3,,集齐20个可随机召唤一个雷系3星英雄,,,3,406,,,,drop,20|121033,,,,3星雷系英雄碎片不足
21035,3星火系英雄碎片,25,hero_refrence2,3,3,,集齐20个可随机召唤一个火系3星英雄,,,3,405,,,,drop,20|121035,,,,3星火系英雄碎片不足
21036,3星光系英雄碎片,26,hero_refrence2,3,3,,集齐20个可随机召唤一个光系3星英雄,,,3,404,,,,drop,20|121036,,,,3星光系英雄碎片不足
21037,3星暗系英雄碎片,27,hero_refrence2,3,3,,集齐20个可随机召唤一个暗系3星英雄,,,3,403,,,,drop,20|121037,,,,3星暗系英雄碎片不足
21038,3星光暗英雄碎片,28,hero_refrence2,3,3,,集齐20个可随机召唤一个光暗3星英雄,,,3,402,,,,drop,20|121038,,,,3星光暗英雄碎片不足
21041,4星英雄碎片,21,hero_refrence3,4,4,,集齐30个可随机召唤一个4星英雄,,,3,201,,,,drop,30|121041,,,,4星英雄碎片不足
21042,4星水系英雄碎片,22,hero_refrence3,4,4,,集齐30个可随机召唤一个水系4星英雄,,,3,207,,,,drop,30|121042,,,,4星水系英雄碎片不足
21043,4星雷系英雄碎片,23,hero_refrence3,4,4,,集齐30个可随机召唤一个雷系4星英雄,,,3,206,,,,drop,30|121043,,,,4星雷系英雄碎片不足
21045,4星火系英雄碎片,25,hero_refrence3,4,4,,集齐30个可随机召唤一个火系4星英雄,,,3,205,,,,drop,30|121045,,,,4星火系英雄碎片不足
21046,4星光系英雄碎片,26,hero_refrence3,4,4,,集齐30个可随机召唤一个光系4星英雄,,,3,204,,,,drop,30|121046,,,,4星光系英雄碎片不足
21047,4星暗系英雄碎片,27,hero_refrence3,4,4,,集齐30个可随机召唤一个暗系4星英雄,,,3,203,,,,drop,30|121047,,,,4星暗系英雄碎片不足
21048,4星光暗英雄碎片,28,hero_refrence3,4,4,,集齐30个可随机召唤一个光暗4星英雄,,,3,202,,,,drop,30|121048,,,,4星光暗英雄碎片不足
21051,5星英雄碎片,21,hero_refrence4,5,5,1,集齐50个可随机召唤一个5星英雄,,,3,102,,,,drop,50|121051,,,,5星英雄碎片不足
21052,5星水系英雄碎片,22,hero_refrence4,5,5,1,集齐50个可随机召唤一个水系5星英雄,,,3,107,,,,drop,50|121052,,,,5星水系英雄碎片不足
21053,5星雷系英雄碎片,23,hero_refrence4,5,5,1,集齐50个可随机召唤一个雷系5星英雄,,,3,106,,,,drop,50|121053,,,,5星雷系英雄碎片不足
21055,5星火系英雄碎片,25,hero_refrence4,5,5,1,集齐50个可随机召唤一个火系5星英雄,,,3,105,,,,drop,50|121055,,,,5星火系英雄碎片不足
21056,5星光系英雄碎片,26,hero_refrence4,5,5,3,集齐50个可随机召唤一个光系5星英雄,,,3,104,,,,drop,50|121056,,,,5星光系英雄碎片不足
21057,5星暗系英雄碎片,27,hero_refrence4,5,5,3,集齐50个可随机召唤一个暗系5星英雄,,,3,103,,,,drop,50|121057,,,,5星暗系英雄碎片不足
21058,5星光暗英雄碎片,28,hero_refrence4,5,5,3,集齐50个可随机召唤一个光暗5星英雄,,,3,102,,,,drop,50|121058,,,,5星光暗英雄碎片不足
21060,三系核心英雄碎片,29,hero_1,5,5,3,集齐50个可随机召唤一个三系核心英雄：水光、雷吼、暴君,,,3,102,,,,drop,50|121060,,,,三系核心英雄碎片不足
22001,粘液怪碎片,20,,1,1,,集齐5个碎片可合成1星英雄-粘液怪,,,3,5801,,,,hero,5|30001,,,,粘液怪碎片不足
22004,仙人掌碎片,20,,2,2,,集齐10个碎片可合成2星英雄-仙人掌,,,3,4802,,,,hero,10|30004,,,,仙人掌碎片不足
22005,泡泡鱼碎片,20,,2,2,,集齐10个碎片可合成2星英雄-泡泡鱼,,,3,4801,,,,hero,10|30005,,,,泡泡鱼碎片不足
22009,钢牙碎片,20,,3,3,,集齐20个碎片可合成3星英雄-钢牙,,,3,3803,,,,hero,20|30009,,,,钢牙碎片不足
22010,骨盔刺客碎片,20,,3,3,,集齐20个碎片可合成3星英雄-骨盔刺客,,,3,3802,,,,hero,20|30010,,,,骨盔刺客碎片不足
22011,鱼人贤者碎片,20,,3,3,,集齐20个碎片可合成3星英雄-鱼人贤者,,,3,3801,,,,hero,20|30011,,,,鱼人贤者碎片不足
22014,哥布林盗贼碎片,20,,4,4,,集齐30个碎片可合成4星英雄-哥布林盗贼,,,3,2804,,,,hero,30|30014,,,,哥布林盗贼碎片不足
22015,悠闲青蛙碎片,20,,4,4,,集齐30个碎片可合成4星英雄-悠闲青蛙,,,3,2803,,,,hero,30|30015,,,,悠闲青蛙碎片不足
22016,莱戈斯碎片,20,,4,4,,集齐30个碎片可合成4星英雄-莱戈斯,,,3,2802,,,,hero,30|30016,,,,莱戈斯碎片不足
22018,水精灵碎片,20,,4,4,,集齐30个碎片可合成4星英雄-水精灵,,,3,2801,,,,hero,30|30018,,,,水精灵碎片不足
22019,督军潮吼碎片,20,,5,5,1,集齐50个碎片可合成5星英雄-督军潮吼,,,3,1811,,,,hero,50|30019,,,,督军潮吼碎片不足
22020,海潮公主碎片,20,,5,5,1,集齐50个碎片可合成5星英雄-海潮公主,,,3,1810,,,,hero,50|30020,,,,海潮公主碎片不足
22021,水影杀手碎片,20,,5,5,1,集齐50个碎片可合成5星英雄-水影杀手,,,3,1809,,,,hero,50|30021,,,,水影杀手碎片不足
22022,水光碎片,20,,5,5,1,集齐50个碎片可合成5星英雄-水光,,,3,1808,,,,hero,50|30022,,,,水光碎片不足
22023,精灵队长碎片,20,,5,5,1,集齐50个碎片可合成5星英雄-精灵队长,,,3,1807,,,,hero,50|30023,,,,精灵队长碎片不足
22024,悠妮碎片,20,,5,5,1,集齐50个碎片可合成5星英雄-悠妮,,,3,1806,,,,hero,50|30024,,,,悠妮碎片不足
22025,伊娃碎片,20,,5,5,1,集齐50个碎片可合成5星英雄-伊娃,,,3,1805,,,,hero,50|30025,,,,伊娃碎片不足
22235,沃顿碎片,20,,5,5,1,集齐50个碎片可合成5星英雄-沃顿,,,3,1804,,,,hero,50|30235,,,,沃顿碎片不足
22236,疾风碎片,20,,5,5,1,集齐50个碎片可合成5星英雄-疾风,,,3,1803,,,,hero,50|30236,,,,疾风碎片不足
22237,梦翼者碎片,20,,5,5,1,集齐50个碎片可合成5星英雄-梦翼者,,,3,1802,,,,hero,50|30237,,,,梦翼者碎片不足
22238,灵弓碎片,20,,5,5,1,集齐50个碎片可合成5星英雄-灵弓,,,3,1801,,,,hero,50|30238,,,,灵弓碎片不足
22042,吸血蝙蝠碎片,20,,1,1,,集齐5个碎片可合成1星英雄-吸血蝙蝠,,,3,5601,,,,hero,5|30042,,,,吸血蝙蝠碎片不足
22043,惊雷兽碎片,20,,2,2,,集齐10个碎片可合成2星英雄-惊雷兽,,,3,4602,,,,hero,10|30043,,,,惊雷兽碎片不足
22046,神枪手碎片,20,,2,2,,集齐10个碎片可合成2星英雄-神枪手,,,3,4601,,,,hero,10|30046,,,,神枪手碎片不足
22047,冰蓝巨兽碎片,20,,3,3,,集齐20个碎片可合成3星英雄-冰蓝巨兽,,,3,3603,,,,hero,20|30047,,,,冰蓝巨兽碎片不足
22048,飞行守卫III型碎片,20,,3,3,,集齐20个碎片可合成3星英雄-飞行守卫III型,,,3,3602,,,,hero,20|30048,,,,飞行守卫III型碎片不足
22051,孤狼碎片,20,,3,3,,集齐20个碎片可合成3星英雄-孤狼,,,3,3601,,,,hero,20|30051,,,,孤狼碎片不足
22052,水晶蜘蛛碎片,20,,4,4,,集齐30个碎片可合成4星英雄-水晶蜘蛛,,,3,2604,,,,hero,30|30052,,,,水晶蜘蛛碎片不足
22053,匿影武者碎片,20,,4,4,,集齐30个碎片可合成4星英雄-匿影武者,,,3,2603,,,,hero,30|30053,,,,匿影武者碎片不足
22054,铃铛猫碎片,20,,4,4,,集齐30个碎片可合成4星英雄-铃铛猫,,,3,2602,,,,hero,30|30054,,,,铃铛猫碎片不足
22056,花仙子碎片,20,,4,4,,集齐30个碎片可合成4星英雄-花仙子,,,3,2601,,,,hero,30|30056,,,,花仙子碎片不足
22058,翔空碎片,20,,5,5,1,集齐50个碎片可合成5星英雄-翔空,,,3,1610,,,,hero,50|30058,,,,翔空碎片不足
22059,雷神之手碎片,20,,5,5,1,集齐50个碎片可合成5星英雄-雷神之手,,,3,1609,,,,hero,50|30059,,,,雷神之手碎片不足
22060,神爪碎片,20,,5,5,1,集齐50个碎片可合成5星英雄-神爪,,,3,1608,,,,hero,50|30060,,,,神爪碎片不足
22061,触电法师碎片,20,,5,5,1,集齐50个碎片可合成5星英雄-触电法师,,,3,1607,,,,hero,50|30061,,,,触电法师碎片不足
22062,稻草人碎片,20,,5,5,1,集齐50个碎片可合成5星英雄-稻草人,,,3,1606,,,,hero,50|30062,,,,稻草人碎片不足
22063,电玩少女碎片,20,,5,5,1,集齐50个碎片可合成5星英雄-电玩少女,,,3,1605,,,,hero,50|30063,,,,电玩少女碎片不足
22064,链锤碎片,20,,5,5,1,集齐50个碎片可合成5星英雄-链锤,,,3,1604,,,,hero,50|30064,,,,链锤碎片不足
22256,雷吼碎片,20,,5,5,1,集齐50个碎片可合成5星英雄-雷吼,,,3,1603,,,,hero,50|30256,,,,雷吼碎片不足
22257,雷隐碎片,20,,5,5,1,集齐50个碎片可合成5星英雄-雷隐,,,3,1602,,,,hero,50|30257,,,,雷隐碎片不足
22260,神谕者碎片,20,,5,5,1,集齐50个碎片可合成5星英雄-神谕者,,,3,1601,,,,hero,50|30260,,,,神谕者碎片不足
22119,食人花碎片,20,,1,1,,集齐5个碎片可合成1星英雄-食人花,,,3,5401,,,,hero,5|30119,,,,食人花碎片不足
22123,暴怒蜡烛碎片,20,,2,2,,集齐10个碎片可合成2星英雄-暴怒蜡烛,,,3,4402,,,,hero,10|30123,,,,暴怒蜡烛碎片不足
22124,恶魔拳手碎片,20,,2,2,,集齐10个碎片可合成2星英雄-恶魔拳手,,,3,4401,,,,hero,10|30124,,,,恶魔拳手碎片不足
22125,小恶魔碎片,20,,3,3,,集齐20个碎片可合成3星英雄-小恶魔,,,3,3403,,,,hero,20|30125,,,,小恶魔碎片不足
22126,邪恶劣魔碎片,20,,3,3,,集齐20个碎片可合成3星英雄-邪恶劣魔,,,3,3402,,,,hero,20|30126,,,,邪恶劣魔碎片不足
22129,赤红蝎碎片,20,,3,3,,集齐20个碎片可合成3星英雄-赤红蝎,,,3,3401,,,,hero,20|30129,,,,赤红蝎碎片不足
22130,小火龙碎片,20,,4,4,,集齐30个碎片可合成4星英雄-小火龙,,,3,2404,,,,hero,30|30130,,,,小火龙碎片不足
22131,焰灵碎片,20,,4,4,,集齐30个碎片可合成4星英雄-焰灵,,,3,2403,,,,hero,30|30131,,,,焰灵碎片不足
22133,南瓜头碎片,20,,4,4,,集齐30个碎片可合成4星英雄-南瓜头,,,3,2402,,,,hero,30|30133,,,,南瓜头碎片不足
22134,巨头碎片,20,,4,4,,集齐30个碎片可合成4星英雄-巨头,,,3,2401,,,,hero,30|30134,,,,巨头碎片不足
22136,烈焰之刃碎片,20,,5,5,1,集齐50个碎片可合成5星英雄-烈焰之刃,,,3,1410,,,,hero,50|30136,,,,烈焰之刃碎片不足
22137,蛮人将军碎片,20,,5,5,1,集齐50个碎片可合成5星英雄-蛮人将军,,,3,1409,,,,hero,50|30137,,,,蛮人将军碎片不足
22138,鬼侍碎片,20,,5,5,1,集齐50个碎片可合成5星英雄-鬼侍,,,3,1408,,,,hero,50|30138,,,,鬼侍碎片不足
22139,炎杀碎片,20,,5,5,1,集齐50个碎片可合成5星英雄-炎杀,,,3,1407,,,,hero,50|30139,,,,炎杀碎片不足
22140,拉瓦碎片,20,,5,5,1,集齐50个碎片可合成5星英雄-拉瓦,,,3,1406,,,,hero,50|30140,,,,拉瓦碎片不足
22141,铁炮碎片,20,,5,5,1,集齐50个碎片可合成5星英雄-铁炮,,,3,1405,,,,hero,50|30141,,,,铁炮碎片不足
22142,大恶魔碎片,20,,5,5,1,集齐50个碎片可合成5星英雄-大恶魔,,,3,1404,,,,hero,50|30142,,,,大恶魔碎片不足
22298,疾火碎片,20,,5,5,1,集齐50个碎片可合成5星英雄-疾火,,,3,1403,,,,hero,50|30298,,,,疾火碎片不足
22300,暴君碎片,20,,5,5,1,集齐50个碎片可合成5星英雄-暴君,,,3,1402,,,,hero,50|30300,,,,暴君碎片不足
22301,魔剑士碎片,20,,5,5,1,集齐50个碎片可合成5星英雄-魔剑士,,,3,1401,,,,hero,50|30301,,,,魔剑士碎片不足
22164,傀儡卫士碎片,20,,3,3,,集齐20个碎片可合成3星英雄-傀儡卫士,,,3,3202,,,,hero,20|30164,,,,傀儡卫士碎片不足
22167,神殿弓手碎片,20,,3,3,,集齐20个碎片可合成3星英雄-神殿弓手,,,3,3201,,,,hero,20|30167,,,,神殿弓手碎片不足
22169,雪人碎片,20,,4,4,,集齐30个碎片可合成4星英雄-雪人,,,3,2203,,,,hero,30|30169,,,,雪人碎片不足
22170,神殿刺客碎片,20,,4,4,,集齐30个碎片可合成4星英雄-圣堂武士,,,3,2202,,,,hero,30|30170,,,,神殿刺客碎片不足
22171,老祭司碎片,20,,4,4,,集齐30个碎片可合成4星英雄-老祭司,,,3,2201,,,,hero,30|30171,,,,老祭司碎片不足
22175,明啸碎片,20,,5,5,1,集齐50个碎片可合成5星英雄-明啸,,,3,1216,,,,hero,50|30175,,,,明啸碎片不足
22176,阿泰尔碎片,20,,5,5,1,集齐50个碎片可合成5星英雄-阿泰尔,,,3,1215,,,,hero,50|30176,,,,阿泰尔碎片不足
22177,光明使者碎片,20,,5,5,1,集齐50个碎片可合成5星英雄-光明使者,,,3,1214,,,,hero,50|30177,,,,光明使者碎片不足
22178,奥法精英碎片,20,,5,5,1,集齐50个碎片可合成5星英雄-奥法精英,,,3,1213,,,,hero,50|30178,,,,奥法精英碎片不足
22179,蕾娜碎片,20,,5,5,1,集齐50个碎片可合成5星英雄-蕾娜,,,3,1212,,,,hero,50|30179,,,,蕾娜碎片不足
22180,圣职者碎片,20,,5,5,1,集齐50个碎片可合成5星英雄-圣职者,,,3,1211,,,,hero,50|30180,,,,圣职者碎片不足
22181,朱丽叶碎片,20,,5,5,1,集齐50个碎片可合成5星英雄-朱丽叶,,,3,1210,,,,hero,50|30181,,,,朱丽叶碎片不足
22319,赵云碎片,20,,5,5,1,集齐50个碎片可合成5星英雄-赵云,,,3,1209,,,,hero,50|30319,,,,赵云碎片不足
22320,马瑟拉碎片,20,,5,5,1,集齐50个碎片可合成5星英雄-马瑟拉,,,3,1208,,,,hero,50|30320,,,,马瑟拉碎片不足
22321,灰袍巫师碎片,20,,5,5,1,集齐50个碎片可合成5星英雄-灰袍巫师,,,3,1207,,,,hero,50|30321,,,,灰袍巫师碎片不足
22322,银闪碎片,20,,5,5,1,集齐50个碎片可合成5星英雄-银闪,,,3,1206,,,,hero,50|30322,,,,银闪碎片不足
22323,银色神官碎片,20,,5,5,1,集齐50个碎片可合成5星英雄-银色神官,,,3,1205,,,,hero,50|30323,,,,银色神官碎片不足
22324,圣堂武士碎片,20,,5,5,1,集齐50个碎片可合成5星英雄-圣堂武士,,,3,1204,,,,hero,50|30324,,,,圣堂武士碎片不足
22325,光暴碎片,20,,5,5,1,集齐50个碎片可合成5星英雄-光暴,,,3,1203,,,,hero,50|30325,,,,光暴碎片不足
22445,雷特碎片,20,,5,5,1,集齐50个碎片可合成5星英雄-雷特,,,3,1202,,,,hero,50|30445,,,,雷特碎片不足
22448,悲伤挽歌碎片,20,,5,5,1,集齐50个碎片可合成5星英雄-悲伤挽歌,,,3,1201,,,,hero,50|30448,,,,悲伤挽歌碎片不足
22206,冥界法师碎片,20,,3,3,,集齐20个碎片可合成3星英雄-冥界法师,,,3,3002,,,,hero,20|30206,,,,冥界法师碎片不足
22207,黑雾碎片,20,,3,3,,集齐20个碎片可合成3星英雄-黑雾,,,3,3001,,,,hero,20|30207,,,,黑雾碎片不足
22208,见习死神碎片,20,,4,4,,集齐30个碎片可合成4星英雄-见习死神,,,3,2003,,,,hero,30|30208,,,,见习死神碎片不足
22209,黑暗侍从碎片,20,,4,4,,集齐30个碎片可合成4星英雄-黑暗侍从,,,3,2002,,,,hero,30|30209,,,,黑暗侍从碎片不足
22213,小女巫碎片,20,,4,4,,集齐30个碎片可合成4星英雄-小女巫,,,3,2001,,,,hero,30|30213,,,,小女巫碎片不足
22214,幽冥勇者碎片,20,,5,5,1,集齐50个碎片可合成5星英雄-幽冥勇者,,,3,1016,,,,hero,50|30214,,,,幽冥勇者碎片不足
22215,尼雅碎片,20,,5,5,1,集齐50个碎片可合成5星英雄-尼雅,,,3,1015,,,,hero,50|30215,,,,尼雅碎片不足
22216,暗刃达斯碎片,20,,5,5,1,集齐50个碎片可合成5星英雄-暗刃达斯,,,3,1014,,,,hero,50|30216,,,,暗刃达斯碎片不足
22217,邪恶法师碎片,20,,5,5,1,集齐50个碎片可合成5星英雄-邪恶法师,,,3,1013,,,,hero,50|30217,,,,邪恶法师碎片不足
22218,摄魂女士碎片,20,,5,5,1,集齐50个碎片可合成5星英雄-摄魂女士,,,3,1012,,,,hero,50|30218,,,,摄魂女士碎片不足
22219,猎杀者碎片,20,,5,5,1,集齐50个碎片可合成5星英雄-猎杀者,,,3,1011,,,,hero,50|30219,,,,猎杀者碎片不足
22220,索姆拉碎片,20,,5,5,1,集齐50个碎片可合成5星英雄-索姆拉,,,3,1010,,,,hero,50|30220,,,,索姆拉碎片不足
22340,罗密欧碎片,20,,5,5,1,集齐50个碎片可合成5星英雄-罗密欧,,,3,1009,,,,hero,50|30340,,,,罗密欧碎片不足
22341,DIVA碎片,20,,5,5,1,集齐50个碎片可合成5星英雄-DIVA,,,3,1008,,,,hero,50|30341,,,,DIVA碎片不足
22342,死神卡戎碎片,20,,5,5,1,集齐50个碎片可合成5星英雄-死神卡戎,,,3,1007,,,,hero,50|30342,,,,死神卡戎碎片不足
22343,塞壬妮碎片,20,,5,5,1,集齐50个碎片可合成5星英雄-塞壬妮,,,3,1006,,,,hero,50|30343,,,,塞壬妮碎片不足
22344,黑暗之子碎片,20,,5,5,1,集齐50个碎片可合成5星英雄-黑暗之子,,,3,1005,,,,hero,50|30344,,,,黑暗之子碎片不足
22345,恶魔猎人碎片,20,,5,5,1,集齐50个碎片可合成5星英雄-恶魔猎人,,,3,1004,,,,hero,50|30345,,,,恶魔猎人碎片不足
22346,无妄碎片,20,,5,5,1,集齐50个碎片可合成5星英雄-无妄,,,3,1003,,,,hero,50|30346,,,,无妄碎片不足
22468,利维亚桑碎片,20,,5,5,1,集齐50个碎片可合成5星英雄-利维亚桑,,,3,1002,,,,hero,50|30468,,,,利维亚桑碎片不足
22470,暗龙女王碎片,20,,5,5,1,集齐50个碎片可合成5星英雄-暗龙女王,,,3,1001,,,,hero,50|30470,,,,暗龙女王碎片不足
22501,哥布林盗贼,20,,5,5,1,集齐50个碎片可合成5星英雄-哥布林盗贼,,,3,1820,,,,hero,50|30501,,,,哥布林盗贼不足
22502,悠闲青蛙,20,,5,5,1,集齐50个碎片可合成5星英雄-悠闲青蛙,,,3,1820,,,,hero,50|30502,,,,悠闲青蛙不足
22503,莱戈斯,20,,5,5,1,集齐50个碎片可合成5星英雄-莱戈斯,,,3,1820,,,,hero,50|30503,,,,莱戈斯不足
22504,水精灵,20,,5,5,1,集齐50个碎片可合成5星英雄-水精灵,,,3,1820,,,,hero,50|30504,,,,水精灵不足
22505,水晶蜘蛛,20,,5,5,1,集齐50个碎片可合成5星英雄-水晶蜘蛛,,,3,1620,,,,hero,50|30505,,,,水晶蜘蛛不足
22506,匿影武者,20,,5,5,1,集齐50个碎片可合成5星英雄-匿影武者,,,3,1620,,,,hero,50|30506,,,,匿影武者不足
22507,铃铛猫,20,,5,5,1,集齐50个碎片可合成5星英雄-铃铛猫,,,3,1620,,,,hero,50|30507,,,,铃铛猫不足
22508,花仙子,20,,5,5,1,集齐50个碎片可合成5星英雄-花仙子,,,3,1620,,,,hero,50|30508,,,,花仙子不足
22509,小火龙,20,,5,5,1,集齐50个碎片可合成5星英雄-小火龙,,,3,1420,,,,hero,50|30509,,,,小火龙不足
22510,焰灵,20,,5,5,1,集齐50个碎片可合成5星英雄-焰灵,,,3,1420,,,,hero,50|30510,,,,焰灵不足
22511,南瓜头,20,,5,5,1,集齐50个碎片可合成5星英雄-南瓜头,,,3,1420,,,,hero,50|30511,,,,南瓜头不足
22512,巨头,20,,5,5,1,集齐50个碎片可合成5星英雄-巨头,,,3,1420,,,,hero,50|30512,,,,巨头不足
22513,雪人,20,,5,5,1,集齐50个碎片可合成5星英雄-雪人,,,3,1220,,,,hero,50|30513,,,,雪人不足
22514,圣堂武士,20,,5,5,1,集齐50个碎片可合成5星英雄-圣堂武士,,,3,1220,,,,hero,50|30514,,,,圣堂武士不足
22515,老祭司,20,,5,5,1,集齐50个碎片可合成5星英雄-老祭司,,,3,1220,,,,hero,50|30515,,,,老祭司不足
22516,见习死神,20,,5,5,1,集齐50个碎片可合成5星英雄-见习死神,,,3,1020,,,,hero,50|30516,,,,见习死神不足
22517,黑暗侍从,20,,5,5,1,集齐50个碎片可合成5星英雄-黑暗侍从,,,3,1020,,,,hero,50|30517,,,,黑暗侍从不足
22518,小女巫,20,,5,5,1,集齐50个碎片可合成5星英雄-小女巫,,,3,1020,,,,hero,50|30518,,,,小女巫不足
22913,3星水系侍卫碎片,20,,3,3,,集齐20个碎片可合成3星英雄-3星水系侍卫,,,3,3999,,,,hero,20|30913,,,,3星水系侍卫碎片不足
22914,4星水系侍卫碎片,20,,4,4,,集齐30个碎片可合成4星英雄-4星水系侍卫,,,3,2999,,,,hero,30|30914,,,,4星水系侍卫碎片不足
22915,5星水系侍卫碎片,20,,5,5,1,集齐50个碎片可合成5星英雄-5星水系侍卫,,,3,1999,,,,hero,50|30915,,,,5星水系侍卫碎片不足
22923,3星雷系侍卫碎片,20,,3,3,,集齐20个碎片可合成3星英雄-3星雷系侍卫,,,3,3799,,,,hero,20|30923,,,,3星雷系侍卫碎片不足
22924,4星雷系侍卫碎片,20,,4,4,,集齐30个碎片可合成4星英雄-4星雷系侍卫,,,3,2799,,,,hero,30|30924,,,,4星雷系侍卫碎片不足
22925,5星雷系侍卫碎片,20,,5,5,1,集齐50个碎片可合成5星英雄-5星雷系侍卫,,,3,1799,,,,hero,50|30925,,,,5星雷系侍卫碎片不足
22943,3星火系侍卫碎片,20,,3,3,,集齐20个碎片可合成3星英雄-3星火系侍卫,,,3,3599,,,,hero,20|30943,,,,3星火系侍卫碎片不足
22944,4星火系侍卫碎片,20,,4,4,,集齐30个碎片可合成4星英雄-4星火系侍卫,,,3,2599,,,,hero,30|30944,,,,4星火系侍卫碎片不足
22945,5星火系侍卫碎片,20,,5,5,1,集齐50个碎片可合成5星英雄-5星火系侍卫,,,3,1599,,,,hero,50|30945,,,,5星火系侍卫碎片不足
22953,3星光系侍卫碎片,20,,3,3,,集齐20个碎片可合成3星英雄-3星光系侍卫,,,3,3399,,,,hero,20|30953,,,,3星光系侍卫碎片不足
22954,4星光系侍卫碎片,20,,4,4,,集齐30个碎片可合成4星英雄-4星光系侍卫,,,3,2399,,,,hero,30|30954,,,,4星光系侍卫碎片不足
22955,5星光系侍卫碎片,20,,5,5,1,集齐50个碎片可合成5星英雄-5星光系侍卫,,,3,1399,,,,hero,50|30955,,,,5星光系侍卫碎片不足
22963,3星暗系侍卫碎片,20,,3,3,,集齐20个碎片可合成3星英雄-3星暗系侍卫,,,3,3199,,,,hero,20|30963,,,,3星暗系侍卫碎片不足
22964,4星暗系侍卫碎片,20,,4,4,,集齐30个碎片可合成4星英雄-4星暗系侍卫,,,3,2199,,,,hero,30|30964,,,,4星暗系侍卫碎片不足
22965,5星暗系侍卫碎片,20,,5,5,1,集齐50个碎片可合成5星英雄-5星暗系侍卫,,,3,1199,,,,hero,50|30965,,,,5星暗系侍卫碎片不足
23001,1阶全套装备箱,30,box_11,1,2,,开启宝箱可获得整套1阶装备，包含武器、头盔、胸甲、手套,,,1,3,,999,,drop,1|123001,,,,1阶全套装备箱不足
23002,2阶全套装备箱,30,box_11,1,3,,开启宝箱可获得整套2阶装备，包含武器、头盔、胸甲、手套,,,1,3,,999,,drop,1|123002,,,,2阶全套装备箱不足
23003,3阶全套装备箱,30,box_11,2,3,,开启宝箱可获得整套3阶装备，包含武器、头盔、胸甲、手套,,,1,3,,999,,drop,1|123003,,,,3阶全套装备箱不足
23004,4阶全套装备箱,30,box_12,1,4,,开启宝箱可获得整套4阶装备，包含武器、头盔、胸甲、手套,,,1,3,,999,,drop,1|123004,,,,4阶全套装备箱不足
23005,5阶全套装备箱,30,box_12,2,4,,开启宝箱可获得整套5阶装备，包含武器、头盔、胸甲、手套,,,1,3,,999,,drop,1|123005,,,,5阶全套装备箱不足
23006,6阶全套装备箱,30,box_12,3,4,,开启宝箱可获得整套6阶装备，包含武器、头盔、胸甲、手套,,,1,3,,999,,drop,1|123006,,,,6阶全套装备箱不足
23007,7阶全套装备箱,30,box_13,1,5,1,开启宝箱可获得整套7阶装备，包含武器、头盔、胸甲、手套,,,1,3,,999,,drop,1|123007,,,,7阶全套装备箱不足
23008,8阶全套装备箱,30,box_13,2,5,1,开启宝箱可获得整套8阶装备，包含武器、头盔、胸甲、手套,,,1,3,,999,,drop,1|123008,,,,8阶全套装备箱不足
23009,9阶全套装备箱,30,box_13,3,5,3,开启宝箱可获得整套9阶装备，包含武器、头盔、胸甲、手套,,,1,3,,999,,drop,1|123009,,,,9阶全套装备箱不足
23010,10阶全套装备箱,30,box_14,1,6,1|3,开启宝箱可获得整套10阶装备，包含武器、头盔、胸甲、手套,,,1,3,,999,,drop,1|123010,,,,10阶全套装备箱不足
23011,11阶全套装备箱,30,box_14,2,6,2|3,开启宝箱可获得整套11阶装备，包含武器、头盔、胸甲、手套,,,1,3,,999,,drop,1|123011,,,,11阶全套装备箱不足
23012,12阶全套装备箱,30,box_14,3,6,1|2|3,开启宝箱可获得整套12阶装备，包含武器、头盔、胸甲、手套,,,1,3,,999,,drop,1|123012,,,,12阶全套装备箱不足
23013,13阶全套装备箱,30,box_14,1,,,开启宝箱可获得整套13阶装备，包含武器、头盔、胸甲、手套,,,1,3,,999,,drop,1|123013,,,,13阶全套装备箱不足
23014,14阶全套装备箱,30,box_14,2,,,开启宝箱可获得整套14阶装备，包含武器、头盔、胸甲、手套,,,1,3,,999,,drop,1|123014,,,,14阶全套装备箱不足
23015,15阶全套装备箱,30,box_14,3,,,开启宝箱可获得整套15阶装备，包含武器、头盔、胸甲、手套,,,1,3,,999,,drop,1|123015,,,,15阶全套装备箱不足
23016,16阶全套装备箱,30,box_14,1,,,开启宝箱可获得整套16阶装备，包含武器、头盔、胸甲、手套,,,1,3,,999,,drop,1|123016,,,,16阶全套装备箱不足
23017,17阶全套装备箱,30,box_14,2,,,开启宝箱可获得整套17阶装备，包含武器、头盔、胸甲、手套,,,1,3,,999,,drop,1|123017,,,,17阶全套装备箱不足
23018,18阶全套装备箱,30,box_14,3,,,开启宝箱可获得整套18阶装备，包含武器、头盔、胸甲、手套,,,1,3,,999,,drop,1|123018,,,,18阶全套装备箱不足
23101,铁剑(1阶),40,weapon12,1,2,,劣质的铁剑,来源：挂机获得、试炼之塔,30~1|1040~1,2,27180,999,,,,,10~10,10001~1000,,铁剑(1阶)不足
23102,精钢剑(2阶),40,weapon10,1,3,,精钢打造的剑,来源：挂机获得、铁匠铺、试炼之塔,30~1|1015~6|1040~1,2,26180,999,,,,,10~21,10001~1500,,精钢剑(2阶)不足
23103,大斩剑(3阶),40,weapon11,2,3,,极为沉重的大剑,来源：挂机获得、铁匠铺、试炼之塔,30~1|1015~6|1040~1,2,25180,999,,,,,10~53,10001~2250,,大斩剑(3阶)不足
23104,紫晶杖(4阶),40,weapon13,1,4,,能提高些许魔力的法杖,来源：挂机获得、铁匠铺、试炼之塔,30~1|1015~6|1040~1,2,24380,999,,,,,10~107,10001~3250,,紫晶杖(4阶)不足
23105,魔法杖(5阶),40,weapon14,2,4,,召唤师使用的法杖,来源：挂机获得、铁匠铺、试炼之塔,30~1|1015~6|1040~1,2,24280,999,,,,,10~203,10001~4500,,魔法杖(5阶)不足
23106,流水杖(6阶),40,weapon15,3,4,,形如流水的法杖,来源：铁匠铺、试炼之塔,1015~6|1040~1,2,24180,999,,,,,10~342,10001~6000,,流水杖(6阶)不足
23107,惊雷杖(7阶),40,weapon07,1,5,,形如惊雷的法杖,,,2,23380,999,,,,,10~524,10001~7750,,惊雷杖(7阶)不足
23108,烁金杖(8阶),40,weapon08,2,5,,形如烁金的法杖,,,2,23280,999,,,,,10~781,10001~9750,,烁金杖(8阶)不足
23109,焚火杖(9阶),40,weapon09,3,5,,形如焚火的法杖,,,2,23180,999,,,,,10~1113,10001~12000,,焚火杖(9阶)不足
23110,烨光剑(10阶),40,weapon04,1,6,,形如烨光的宝剑,,,2,22380,999,,,,,10~1520,10001~14500,,烨光剑(10阶)不足
23111,暗厉剑(11阶),40,weapon05,2,6,,形如暗厉的宝剑,,,2,22280,999,,,,,10~2056,10001~17250,,暗厉剑(11阶)不足
23112,混乱剑(12阶),40,weapon06,3,6,,造成混乱的宝剑,,,2,22180,999,,,,,10~2720,,,混乱剑(12阶)不足
23201,皮帽(1阶),41,helmet12,1,2,,劣质的皮帽,来源：挂机获得、试炼之塔,30~1|1040~1,2,27160,999,,,,,12~7|14~14,10001~1000,,皮帽(1阶)不足
23202,铁盔(2阶),41,helmet10,1,3,,铁制的头盔,来源：挂机获得、铁匠铺、试炼之塔,30~1|1015~6|1040~1,2,26160,999,,,,,12~15|14~28,10001~1500,,铁盔(2阶)不足
23203,精钢盔(3阶),41,helmet11,2,3,,精钢打造的头盔,来源：挂机获得、铁匠铺、试炼之塔,30~1|1015~6|1040~1,2,25160,999,,,,,12~39|14~71,10001~2250,,精钢盔(3阶)不足
23204,法师兜帽(4阶),41,helmet13,1,4,,魔法师之帽,来源：挂机获得、铁匠铺、试炼之塔,30~1|1015~6|1040~1,2,24360,999,,,,,12~78|14~142,10001~3250,,法师兜帽(4阶)不足
23205,召唤者兜帽(5阶),41,helmet14,2,4,,召唤师使用的帽子,来源：挂机获得、铁匠铺、试炼之塔,30~1|1015~6|1040~1,2,24260,999,,,,,12~149|14~271,10001~4500,,召唤者兜帽(5阶)不足
23206,流水兜帽(6阶),41,helmet15,3,4,,形如流水的帽子,来源：铁匠铺、试炼之塔,1015~6|1040~1,2,24160,999,,,,,12~251|14~457,10001~6000,,流水兜帽(6阶)不足
23207,惊雷头盔(7阶),41,helmet07,1,5,,形如惊雷的头盔,,,2,23360,999,,,,,12~384|14~699,10001~7750,,惊雷头盔(7阶)不足
23208,烁金头盔(8阶),41,helmet08,2,5,,形如烁金的头盔,,,2,23260,999,,,,,12~573|14~1042,10001~9750,,烁金头盔(8阶)不足
23209,焚火头盔(9阶),41,helmet09,3,5,,形如焚火的头盔,,,2,23160,999,,,,,12~816|14~1485,10001~12000,,焚火头盔(9阶)不足
23210,烨光头盔(10阶),41,helmet04,1,6,,形如烨光的头盔,,,2,22360,999,,,,,12~1115|14~2028,10001~14500,,烨光头盔(10阶)不足
23211,暗厉头盔(11阶),41,helmet05,2,6,,形如暗厉的头盔,,,2,22260,999,,,,,12~1508|14~2742,10001~17250,,暗厉头盔(11阶)不足
23212,混乱头盔(12阶),41,helmet06,3,6,,造成混乱的头盔,,,2,22160,999,,,,,12~1995|14~3627,,,混乱头盔(12阶)不足
23301,皮衣(1阶),42,armor12,1,2,,劣质的皮衣,来源：挂机获得、试炼之塔,30~1|1040~1,2,27140,999,,,,,12~5|14~35,10001~1000,,皮衣(1阶)不足
23302,铁护甲(2阶),42,armor10,1,3,,铁制的胸甲,来源：挂机获得、铁匠铺、试炼之塔,30~1|1015~6|1040~1,2,26140,999,,,,,12~10|14~71,10001~1500,,铁护甲(2阶)不足
23303,精钢护甲(3阶),42,armor11,2,3,,精钢打造的胸甲,来源：挂机获得、铁匠铺、试炼之塔,30~1|1015~6|1040~1,2,25140,999,,,,,12~26|14~178,10001~2250,,精钢护甲(3阶)不足
23304,法师斗篷(4阶),42,armor13,1,4,,魔法师使用的斗篷,来源：挂机获得、铁匠铺、试炼之塔,30~1|1015~6|1040~1,2,24340,999,,,,,12~52|14~357,10001~3250,,法师斗篷(4阶)不足
23305,召唤者斗篷(5阶),42,armor14,2,4,,召唤师使用的斗篷,来源：挂机获得、铁匠铺、试炼之塔,30~1|1015~6|1040~1,2,24240,999,,,,,12~99|14~678,10001~4500,,召唤者斗篷(5阶)不足
23306,流水斗篷(6阶),42,armor15,3,4,,形如流水的斗篷,来源：铁匠铺、试炼之塔,1015~6|1040~1,2,24140,999,,,,,12~167|14~1142,10001~6000,,流水斗篷(6阶)不足
23307,惊雷护甲(7阶),42,armor07,1,5,,形如惊雷的胸甲,,,2,23340,999,,,,,12~256|14~1749,10001~7750,,惊雷护甲(7阶)不足
23308,烁金护甲(8阶),42,armor08,2,5,,形如烁金的胸甲,,,2,23240,999,,,,,12~382|14~2606,10001~9750,,烁金护甲(8阶)不足
23309,焚火护甲(9阶),42,armor09,3,5,,形如焚火的胸甲,,,2,23140,999,,,,,12~544|14~3713,10001~12000,,焚火护甲(9阶)不足
23310,烨光护甲(10阶),42,armor04,1,6,,形如烨光的胸甲,,,2,22340,999,,,,,12~743|14~5070,10001~14500,,烨光护甲(10阶)不足
23311,暗厉护甲(11阶),42,armor05,2,6,,形如暗厉的胸甲,,,2,22240,999,,,,,12~1005|14~6855,10001~17250,,暗厉护甲(11阶)不足
23312,混乱护甲(12阶),42,armor06,3,6,,造成混乱的胸甲,,,2,22140,999,,,,,12~1330|14~9069,,,混乱护甲(12阶)不足
23401,皮手套(1阶),43,gloves04,1,2,,劣质的手套,来源：挂机获得、试炼之塔,30~1|1040~1,2,27120,999,,,,,10~7|14~21,10001~1000,,皮手套(1阶)不足
23402,铁护手(2阶),43,gloves11,1,3,,铁制的护手,来源：挂机获得、铁匠铺、试炼之塔,30~1|1015~6|1040~1,2,26120,999,,,,,10~14|14~42,10001~1500,,铁护手(2阶)不足
23403,精钢护手(3阶),43,gloves12,2,3,,精钢打造的护手,来源：挂机获得、铁匠铺、试炼之塔,30~1|1015~6|1040~1,2,25120,999,,,,,10~35|14~107,10001~2250,,精钢护手(3阶)不足
23404,法师手套(4阶),43,gloves13,1,4,,魔法师使用的手套,来源：挂机获得、铁匠铺、试炼之塔,30~1|1015~6|1040~1,2,24320,999,,,,,10~71|14~214,10001~3250,,法师手套(4阶)不足
23405,召唤者手套(5阶),43,gloves14,2,4,,召唤师使用的手套,来源：挂机获得、铁匠铺、试炼之塔,30~1|1015~6|1040~1,2,24220,999,,,,,10~135|14~407,10001~4500,,召唤者手套(5阶)不足
23406,流水手套(6阶),43,gloves15,3,4,,形如流水的手套,来源：铁匠铺、试炼之塔,1015~6|1040~1,2,24120,999,,,,,10~228|14~685,10001~6000,,流水手套(6阶)不足
23407,惊雷护手(7阶),43,gloves01,1,5,,形如惊雷的护手,,,2,23320,999,,,,,10~349|14~1049,10001~7750,,惊雷护手(7阶)不足
23408,烁金护手(8阶),43,gloves02,2,5,,形如烁金的护手,,,2,23220,999,,,,,10~521|14~1563,10001~9750,,烁金护手(8阶)不足
23409,焚火护手(9阶),43,gloves03,3,5,,形如焚火的护手,,,2,23120,999,,,,,10~742|14~2228,10001~12000,,焚火护手(9阶)不足
23410,烨光护手(10阶),43,gloves08,1,6,,形如烨光的护手,,,2,22320,999,,,,,10~1013|14~3042,10001~14500,,烨光护手(10阶)不足
23411,暗厉护手(11阶),43,gloves09,2,6,,形如暗厉的护手,,,2,22220,999,,,,,10~1371|14~4113,10001~17250,,暗厉护手(11阶)不足
23412,混乱护手(12阶),43,gloves10,3,6,,造成混乱的护手,,,2,22120,999,,,,,10~1813|14~5441,,,混乱护手(12阶)不足
23571,7阶攻击装备箱,30,box_7_2,1,5,1,开启宝箱可获得7阶武器和手套,,,1,3,,999,,drop,1|123071,,,23107~1|23407~1,7阶攻击装备箱不足
23572,7阶防御装备箱,30,box_7_1,1,5,1,开启宝箱可获得7阶头盔和胸甲,,,1,3,,999,,drop,1|123072,,,23207~1|23307~1,7阶防御装备箱不足
24031,潮汐神王·水光,60,,,5,1,可用于激活英雄水光皮肤-潮汐神王,,,1,1000,999999,9999,,heroSkin,300221,,,,潮汐神王·水光不足
24111,霸天零式·翔空,60,,,5,1,可用于激活英雄翔空皮肤-霸天零式,,,1,1000,999999,9999,,heroSkin,300581,,,,霸天零式·翔空不足
24181,怒铁狂雷·雷吼,60,,,5,1,可用于激活英雄雷吼皮肤-怒铁狂雷,,,1,1000,999999,9999,,heroSkin,302561,,,,怒铁狂雷·雷吼不足
24291,熔岩掌控者·暴君,60,,,5,1,可用于激活英雄暴君皮肤-熔岩掌控者,,,1,1000,999999,9999,,heroSkin,303001,,,,熔岩掌控者·暴君不足
24611,堕落之翼·恶魔猎人,60,,,5,1,可用于激活英雄恶魔猎人皮肤-堕落之翼,,,1,1000,999999,9999,,heroSkin,303451,,,,堕落之翼·恶魔猎人不足
24381,圣枪龙魂·赵云,60,,,5,1,可用于激活英雄赵云皮肤-圣枪龙魂,,,1,1000,999999,9999,,heroSkin,303191,,,,圣枪龙魂·赵云不足
29001,60钻石,10,ui_function_unknown,,7,,,,,1,,,,,bill,1001|0|0,,,,60钻石不足
29002,300钻石,10,ui_function_unknown,,7,,,,,1,,,,,bill,1002|0|0,,,,300钻石不足
29003,980钻石,10,ui_function_unknown,,7,,,,,1,,,,,bill,1003|0|0,,,,980钻石不足
29004,1980钻石,10,ui_function_unknown,,7,,,,,1,,,,,bill,1004|0|0,,,,1980钻石不足
29005,3280钻石,10,ui_function_unknown,,7,,,,,1,,,,,bill,1005|0|0,,,,3280钻石不足
29006,6480钻石,10,ui_function_unknown,,7,,,,,1,,,,,bill,1006|0|0,,,,6480钻石不足
29008,周卡,10,ui_function_unknown,,7,,,,,1,,,,,bill,2002|0|0,,,,周卡不足
29010,月卡,10,ui_function_unknown,,7,,,,,1,,,,,bill,2004|0|0,,,,月卡不足
29011,终身卡,10,ui_function_unknown,,7,,,,,1,,,,,bill,2006|0|0,,,,终身卡不足
29012,体力上限特权,10,ui_function_unknown,,7,,,,,1,,,,,bill,2007|0|0,,,,体力上限特权不足
29013,6元超值首充,10,ui_function_unknown,,7,,,,,1,,,,,bill,3006|0|0,,,,6元超值首充不足
29014,68元超值首充,10,ui_function_unknown,,7,,,,,1,,,,,bill,3068|0|0,,,,68元超值首充不足
29015,648元超值首充,10,ui_function_unknown,,7,,,,,1,,,,,bill,3648|0|0,,,,648元超值首充不足
29016,128成长基金,10,ui_function_unknown,,7,,,,,1,,,,,bill,4001|0|0,,,,128成长基金不足
29017,128关卡基金,10,ui_function_unknown,,7,,,,,1,,,,,bill,4002|0|0,,,,128关卡基金不足
29101,每日特惠礼包,10,ui_function_unknown,,7,,,,,1,,,,,bill,5001|1|2002,,,,每日特惠礼包不足
29102,每日召唤礼包,10,ui_function_unknown,,7,,,,,1,,,,,bill,5006|1|2003,,,,每日召唤礼包不足
29103,每日金币特惠,10,ui_function_unknown,,7,,,,,1,,,,,bill,5012|1|2004,,,,每日金币特惠不足
29104,每日战魂特惠,10,ui_function_unknown,,7,,,,,1,,,,,bill,5012|1|2005,,,,每日战魂特惠不足
29105,每日高级水晶,10,ui_function_unknown,,7,,,,,1,,,,,bill,5030|1|2006,,,,每日高级水晶不足
29106,每周源晶礼包,10,ui_function_unknown,,7,,,,,1,,,,,bill,5030|1|4002,,,,每周源晶礼包不足
29107,每周继承礼包,10,ui_function_unknown,,7,,,,,1,,,,,bill,5098|1|4003,,,,每周继承礼包不足
29108,每周进阶礼包,10,ui_function_unknown,,7,,,,,1,,,,,bill,5198|1|4004,,,,每周进阶礼包不足
29109,每月召唤礼包,10,ui_function_unknown,,7,,,,,1,,,,,bill,5098|1|6002,,,,每月召唤礼包不足
29110,每月光系礼包,10,ui_function_unknown,,7,,,,,1,,,,,bill,5648|1|6003,,,,每月光系礼包不足
29111,每月暗系礼包,10,ui_function_unknown,,7,,,,,1,,,,,bill,5648|1|6004,,,,每月暗系礼包不足
29201,5星进阶礼包,10,ui_function_unknown,,7,,,,,1,,,,,bill,5030|2|301,,,,5星进阶礼包不足
29202,新服资源包Ⅰ,10,ui_function_unknown,,7,,,,,1,,,,,bill,5006|2|10005,,,,新服资源包Ⅰ不足
29203,新服进阶包Ⅰ,10,ui_function_unknown,,7,,,,,1,,,,,bill,5025|2|10010,,,,新服进阶包Ⅰ不足
29204,超值英雄特供,10,ui_function_unknown,,7,,,,,1,,,,,bill,5068|2|10015,,,,超值英雄特供不足
29205,超值资源礼包Ⅰ,10,ui_function_unknown,,7,,,,,1,,,,,bill,5098|2|10020,,,,超值资源礼包Ⅰ不足
29206,豪华资源礼包,10,ui_function_unknown,,7,,,,,1,,,,,bill,5328|2|10025,,,,豪华资源礼包不足
29207,新服资源包Ⅱ,10,ui_function_unknown,,7,,,,,1,,,,,bill,5006|2|10030,,,,新服资源包Ⅱ不足
29208,源晶体验包Ⅰ,10,ui_function_unknown,,7,,,,,1,,,,,bill,5006|2|10035,,,,源晶体验包Ⅰ不足
29209,英雄升级助力Ⅰ,10,ui_function_unknown,,7,,,,,1,,,,,bill,5012|2|10040,,,,英雄升级助力Ⅰ不足
29210,新服进阶包Ⅱ,10,ui_function_unknown,,7,,,,,1,,,,,bill,5025|2|10045,,,,新服进阶包Ⅱ不足
29211,源晶超值包Ⅰ,10,ui_function_unknown,,7,,,,,1,,,,,bill,5030|2|10050,,,,源晶超值包Ⅰ不足
29212,新服资源包Ⅲ,10,ui_function_unknown,,7,,,,,1,,,,,bill,5012|2|10055,,,,新服资源包Ⅲ不足
29213,英雄升级助力Ⅱ,10,ui_function_unknown,,7,,,,,1,,,,,bill,5025|2|10060,,,,英雄升级助力Ⅱ不足
29214,新服进阶包Ⅲ,10,ui_function_unknown,,7,,,,,1,,,,,bill,5030|2|10065,,,,新服进阶包Ⅲ不足
29215,源晶超值包Ⅱ,10,ui_function_unknown,,7,,,,,1,,,,,bill,5030|2|10070,,,,源晶超值包Ⅱ不足
29216,超值资源礼包Ⅱ,10,ui_function_unknown,,7,,,,,1,,,,,bill,5098|2|10075,,,,超值资源礼包Ⅱ不足
29217,源晶体验包Ⅱ,10,ui_function_unknown,,7,,,,,1,,,,,bill,5012|2|10080,,,,源晶体验包Ⅱ不足
29218,新服进阶包Ⅳ,10,ui_function_unknown,,7,,,,,1,,,,,bill,5030|2|10085,,,,新服进阶包Ⅳ不足
29219,神器经验补给包,10,ui_function_unknown,,7,,,,,1,,,,,bill,5006|2|10090,,,,神器经验补给包不足
29220,超值源晶礼包Ⅰ,10,ui_function_unknown,,7,,,,,1,,,,,bill,5030|2|10095,,,,超值源晶礼包Ⅰ不足
29221,神器经验超值包,10,ui_function_unknown,,7,,,,,1,,,,,bill,5068|2|10100,,,,神器经验超值包不足
29222,新服进阶包Ⅴ,10,ui_function_unknown,,7,,,,,1,,,,,bill,5068|2|10105,,,,新服进阶包Ⅴ不足
29223,超级进阶包Ⅰ,10,ui_function_unknown,,7,,,,,1,,,,,bill,5098|2|10110,,,,超级进阶包Ⅰ不足
29224,神器经验豪华包,10,ui_function_unknown,,7,,,,,1,,,,,bill,5098|2|10115,,,,神器经验豪华包不足
29225,超值秘钥礼包Ⅰ,10,ui_function_unknown,,7,,,,,1,,,,,bill,5198|2|10120,,,,超值秘钥礼包Ⅰ不足
29226,豪华秘钥礼包Ⅰ,10,ui_function_unknown,,7,,,,,1,,,,,bill,5648|2|10125,,,,豪华秘钥礼包Ⅰ不足
29227,秘钥补给礼包Ⅰ,10,ui_function_unknown,,7,,,,,1,,,,,bill,5098|2|10130,,,,秘钥补给礼包Ⅰ不足
29228,超值源晶礼包Ⅱ,10,ui_function_unknown,,7,,,,,1,,,,,bill,5030|2|10135,,,,超值源晶礼包Ⅱ不足
29229,新服进阶包Ⅵ,10,ui_function_unknown,,7,,,,,1,,,,,bill,5068|2|10140,,,,新服进阶包Ⅵ不足
29230,超级进阶包Ⅱ,10,ui_function_unknown,,7,,,,,1,,,,,bill,5098|2|10145,,,,超级进阶包Ⅱ不足
29231,超值秘钥礼包Ⅱ,10,ui_function_unknown,,7,,,,,1,,,,,bill,5198|2|10150,,,,超值秘钥礼包Ⅱ不足
29232,豪华秘钥礼包Ⅱ,10,ui_function_unknown,,7,,,,,1,,,,,bill,5648|2|10155,,,,豪华秘钥礼包Ⅱ不足
29233,秘钥补给礼包Ⅱ,10,ui_function_unknown,,7,,,,,1,,,,,bill,5098|2|10160,,,,秘钥补给礼包Ⅱ不足
29234,新服十连大礼,10,ui_function_unknown,,7,,,,,1,,,,,bill,5001|2|20005,,,,新服十连大礼不足
29235,超值召唤礼包,10,ui_function_unknown,,7,,,,,1,,,,,bill,5030|2|20010,,,,超值召唤礼包不足
29236,惊喜召唤礼包Ⅰ,10,ui_function_unknown,,7,,,,,1,,,,,bill,5068|2|20015,,,,惊喜召唤礼包Ⅰ不足
29237,豪华召唤礼包Ⅰ,10,ui_function_unknown,,7,,,,,1,,,,,bill,5198|2|20020,,,,豪华召唤礼包Ⅰ不足
29238,最强召唤礼包,10,ui_function_unknown,,7,,,,,1,,,,,bill,5328|2|20025,,,,最强召唤礼包不足
29239,勇士荣耀包Ⅰ,10,ui_function_unknown,,7,,,,,1,,,,,bill,5012|2|20030,,,,勇士荣耀包Ⅰ不足
29240,惊喜召唤礼包Ⅱ,10,ui_function_unknown,,7,,,,,1,,,,,bill,5068|2|20035,,,,惊喜召唤礼包Ⅱ不足
29241,豪华召唤礼包Ⅱ,10,ui_function_unknown,,7,,,,,1,,,,,bill,5198|2|20040,,,,豪华召唤礼包Ⅱ不足
29242,勇士荣耀包Ⅱ,10,ui_function_unknown,,7,,,,,1,,,,,bill,5025|2|20045,,,,勇士荣耀包Ⅱ不足
29243,幸运轮盘体验包Ⅰ,10,ui_function_unknown,,7,,,,,1,,,,,bill,5006|2|20050,,,,幸运轮盘体验包Ⅰ不足
29244,幸运轮盘超值包Ⅰ,10,ui_function_unknown,,7,,,,,1,,,,,bill,5030|2|20055,,,,幸运轮盘超值包Ⅰ不足
29245,神秘轮盘体验包Ⅰ,10,ui_function_unknown,,7,,,,,1,,,,,bill,5068|2|20060,,,,神秘轮盘体验包Ⅰ不足
29246,幸运轮盘豪华包Ⅰ,10,ui_function_unknown,,7,,,,,1,,,,,bill,5068|2|20065,,,,幸运轮盘豪华包Ⅰ不足
29247,神秘轮盘超值包Ⅰ,10,ui_function_unknown,,7,,,,,1,,,,,bill,5128|2|20070,,,,神秘轮盘超值包Ⅰ不足
29248,幸运轮盘体验包Ⅱ,10,ui_function_unknown,,7,,,,,1,,,,,bill,5012|2|20075,,,,幸运轮盘体验包Ⅱ不足
29249,幸运轮盘超值包Ⅱ,10,ui_function_unknown,,7,,,,,1,,,,,bill,5068|2|20080,,,,幸运轮盘超值包Ⅱ不足
29250,神秘轮盘体验包Ⅱ,10,ui_function_unknown,,7,,,,,1,,,,,bill,5098|2|20085,,,,神秘轮盘体验包Ⅱ不足
29251,神秘轮盘超值包Ⅱ,10,ui_function_unknown,,7,,,,,1,,,,,bill,5198|2|20090,,,,神秘轮盘超值包Ⅱ不足
29252,新服富翁包,10,ui_function_unknown,,7,,,,,1,,,,,bill,5001|2|122001,,,,新服富翁包不足
29253,富翁体验包,10,ui_function_unknown,,7,,,,,1,,,,,bill,5006|2|122002,,,,富翁体验包不足
29254,指定骰子礼包,10,ui_function_unknown,,7,,,,,1,,,,,bill,5030|2|122003,,,,指定骰子礼包不足
29255,超值骰子礼包,10,ui_function_unknown,,7,,,,,1,,,,,bill,5068|2|122004,,,,超值骰子礼包不足
29256,豪华骰子礼包,10,ui_function_unknown,,7,,,,,1,,,,,bill,5098|2|122005,,,,豪华骰子礼包不足
29257,富翁体验包,10,ui_function_unknown,,7,,,,,1,,,,,bill,5006|2|122011,,,,富翁体验包不足
29258,指定骰子礼包,10,ui_function_unknown,,7,,,,,1,,,,,bill,5030|2|122012,,,,指定骰子礼包不足
29259,超值骰子礼包,10,ui_function_unknown,,7,,,,,1,,,,,bill,5068|2|122013,,,,超值骰子礼包不足
29260,豪华骰子礼包,10,ui_function_unknown,,7,,,,,1,,,,,bill,5098|2|122014,,,,豪华骰子礼包不足
29301,暴君皮肤,10,ui_function_unknown,,7,,,,,1,,,,,bill,5098|3|30001,,,,暴君皮肤不足
29302,翔空皮肤,10,ui_function_unknown,,7,,,,,1,,,,,bill,5098|3|30002,,,,翔空皮肤不足
29303,水光皮肤,10,ui_function_unknown,,7,,,,,1,,,,,bill,5098|3|30003,,,,水光皮肤不足
29304,赵云皮肤,10,ui_function_unknown,,7,,,,,1,,,,,bill,5098|3|30004,,,,赵云皮肤不足
29305,狂吼皮肤,10,ui_function_unknown,,7,,,,,1,,,,,bill,5098|3|30005,,,,狂吼皮肤不足
29306,泰迪加皮肤,10,ui_function_unknown,,7,,,,,1,,,,,bill,5098|3|30006,,,,泰迪加皮肤不足
29307,暴君皮肤,10,ui_function_unknown,,7,,,,,1,,,,,bill,5098|3|30007,,,,暴君皮肤不足
29308,翔空皮肤,10,ui_function_unknown,,7,,,,,1,,,,,bill,5098|3|30008,,,,翔空皮肤不足
29309,水光皮肤,10,ui_function_unknown,,7,,,,,1,,,,,bill,5098|3|30009,,,,水光皮肤不足
29310,赵云皮肤,10,ui_function_unknown,,7,,,,,1,,,,,bill,5098|3|30010,,,,赵云皮肤不足
29311,狂吼皮肤,10,ui_function_unknown,,7,,,,,1,,,,,bill,5098|3|30011,,,,狂吼皮肤不足
29312,泰迪加皮肤,10,ui_function_unknown,,7,,,,,1,,,,,bill,5098|3|30012,,,,泰迪加皮肤不足
29313,心愿入门礼包1期,10,ui_function_unknown,,7,,,,,1,,,,,bill,5006|3|10001,,,,心愿入门礼包1期不足
29314,心愿助力礼包1期,10,ui_function_unknown,,7,,,,,1,,,,,bill,5030|3|10002,,,,心愿助力礼包1期不足
29315,心愿进阶礼包1期,10,ui_function_unknown,,7,,,,,1,,,,,bill,5198|3|10003,,,,心愿进阶礼包1期不足
29316,心愿超值礼包1期,10,ui_function_unknown,,7,,,,,1,,,,,bill,5328|3|10004,,,,心愿超值礼包1期不足
29317,心愿特惠礼包1期,10,ui_function_unknown,,7,,,,,1,,,,,bill,5328|3|10005,,,,心愿特惠礼包1期不足
29318,心愿豪华礼包1期,10,ui_function_unknown,,7,,,,,1,,,,,bill,5648|3|10006,,,,心愿豪华礼包1期不足
29319,心愿入门礼包2期,10,ui_function_unknown,,7,,,,,1,,,,,bill,5006|3|10101,,,,心愿入门礼包2期不足
29320,心愿助力礼包2期,10,ui_function_unknown,,7,,,,,1,,,,,bill,5030|3|10102,,,,心愿助力礼包2期不足
29321,心愿进阶礼包2期,10,ui_function_unknown,,7,,,,,1,,,,,bill,5198|3|10103,,,,心愿进阶礼包2期不足
29322,心愿超值礼包2期,10,ui_function_unknown,,7,,,,,1,,,,,bill,5328|3|10104,,,,心愿超值礼包2期不足
29323,心愿特惠礼包2期,10,ui_function_unknown,,7,,,,,1,,,,,bill,5328|3|10105,,,,心愿特惠礼包2期不足
29324,心愿豪华礼包2期,10,ui_function_unknown,,7,,,,,1,,,,,bill,5648|3|10106,,,,心愿豪华礼包2期不足
29325,心愿入门礼包3期,10,ui_function_unknown,,7,,,,,1,,,,,bill,5006|3|10201,,,,心愿入门礼包3期不足
29326,心愿助力礼包3期,10,ui_function_unknown,,7,,,,,1,,,,,bill,5030|3|10202,,,,心愿助力礼包3期不足
29327,心愿进阶礼包3期,10,ui_function_unknown,,7,,,,,1,,,,,bill,5198|3|10203,,,,心愿进阶礼包3期不足
29328,心愿超值礼包3期,10,ui_function_unknown,,7,,,,,1,,,,,bill,5328|3|10204,,,,心愿超值礼包3期不足
29329,心愿特惠礼包3期,10,ui_function_unknown,,7,,,,,1,,,,,bill,5328|3|10205,,,,心愿特惠礼包3期不足
29330,心愿豪华礼包3期,10,ui_function_unknown,,7,,,,,1,,,,,bill,5648|3|10206,,,,心愿豪华礼包3期不足
29331,心愿入门礼包4期,10,ui_function_unknown,,7,,,,,1,,,,,bill,5006|3|10301,,,,心愿入门礼包4期不足
29332,心愿助力礼包4期,10,ui_function_unknown,,7,,,,,1,,,,,bill,5030|3|10302,,,,心愿助力礼包4期不足
29333,心愿进阶礼包4期,10,ui_function_unknown,,7,,,,,1,,,,,bill,5198|3|10303,,,,心愿进阶礼包4期不足
29334,心愿超值礼包4期,10,ui_function_unknown,,7,,,,,1,,,,,bill,5328|3|10304,,,,心愿超值礼包4期不足
29335,心愿特惠礼包4期,10,ui_function_unknown,,7,,,,,1,,,,,bill,5328|3|10305,,,,心愿特惠礼包4期不足
29336,心愿豪华礼包4期,10,ui_function_unknown,,7,,,,,1,,,,,bill,5648|3|10306,,,,心愿豪华礼包4期不足
29337,心愿入门礼包5期,10,ui_function_unknown,,7,,,,,1,,,,,bill,5006|3|10401,,,,心愿入门礼包5期不足
29338,心愿助力礼包5期,10,ui_function_unknown,,7,,,,,1,,,,,bill,5030|3|10402,,,,心愿助力礼包5期不足
29339,心愿进阶礼包5期,10,ui_function_unknown,,7,,,,,1,,,,,bill,5198|3|10403,,,,心愿进阶礼包5期不足
29340,心愿超值礼包5期,10,ui_function_unknown,,7,,,,,1,,,,,bill,5328|3|10404,,,,心愿超值礼包5期不足
29341,心愿特惠礼包5期,10,ui_function_unknown,,7,,,,,1,,,,,bill,5328|3|10405,,,,心愿特惠礼包5期不足
29342,心愿豪华礼包5期,10,ui_function_unknown,,7,,,,,1,,,,,bill,5648|3|10406,,,,心愿豪华礼包5期不足
29343,心愿入门礼包6期,10,ui_function_unknown,,7,,,,,1,,,,,bill,5006|3|10501,,,,心愿入门礼包6期不足
29344,心愿助力礼包6期,10,ui_function_unknown,,7,,,,,1,,,,,bill,5030|3|10502,,,,心愿助力礼包6期不足
29345,心愿进阶礼包6期,10,ui_function_unknown,,7,,,,,1,,,,,bill,5198|3|10503,,,,心愿进阶礼包6期不足
29346,心愿超值礼包6期,10,ui_function_unknown,,7,,,,,1,,,,,bill,5328|3|10504,,,,心愿超值礼包6期不足
29347,心愿特惠礼包6期,10,ui_function_unknown,,7,,,,,1,,,,,bill,5328|3|10505,,,,心愿特惠礼包6期不足
29348,心愿豪华礼包6期,10,ui_function_unknown,,7,,,,,1,,,,,bill,5648|3|10506,,,,心愿豪华礼包6期不足
29349,心愿入门礼包7期,10,ui_function_unknown,,7,,,,,1,,,,,bill,5006|3|10601,,,,心愿入门礼包7期不足
29350,心愿助力礼包7期,10,ui_function_unknown,,7,,,,,1,,,,,bill,5030|3|10602,,,,心愿助力礼包7期不足
29351,心愿进阶礼包7期,10,ui_function_unknown,,7,,,,,1,,,,,bill,5198|3|10603,,,,心愿进阶礼包7期不足
29352,心愿超值礼包7期,10,ui_function_unknown,,7,,,,,1,,,,,bill,5328|3|10604,,,,心愿超值礼包7期不足
29353,心愿特惠礼包7期,10,ui_function_unknown,,7,,,,,1,,,,,bill,5328|3|10605,,,,心愿特惠礼包7期不足
29354,心愿豪华礼包7期,10,ui_function_unknown,,7,,,,,1,,,,,bill,5648|3|10606,,,,心愿豪华礼包7期不足
29355,心愿入门礼包8期,10,ui_function_unknown,,7,,,,,1,,,,,bill,5006|3|10701,,,,心愿入门礼包8期不足
29356,心愿助力礼包8期,10,ui_function_unknown,,7,,,,,1,,,,,bill,5030|3|10702,,,,心愿助力礼包8期不足
29357,心愿进阶礼包8期,10,ui_function_unknown,,7,,,,,1,,,,,bill,5198|3|10703,,,,心愿进阶礼包8期不足
29358,心愿超值礼包8期,10,ui_function_unknown,,7,,,,,1,,,,,bill,5328|3|10704,,,,心愿超值礼包8期不足
29359,心愿特惠礼包8期,10,ui_function_unknown,,7,,,,,1,,,,,bill,5328|3|10705,,,,心愿特惠礼包8期不足
29360,心愿豪华礼包8期,10,ui_function_unknown,,7,,,,,1,,,,,bill,5648|3|10706,,,,心愿豪华礼包8期不足
29361,心愿入门礼包9期,10,ui_function_unknown,,7,,,,,1,,,,,bill,5006|3|10801,,,,心愿入门礼包9期不足
29362,心愿助力礼包9期,10,ui_function_unknown,,7,,,,,1,,,,,bill,5030|3|10802,,,,心愿助力礼包9期不足
29363,心愿进阶礼包9期,10,ui_function_unknown,,7,,,,,1,,,,,bill,5198|3|10803,,,,心愿进阶礼包9期不足
29364,心愿超值礼包9期,10,ui_function_unknown,,7,,,,,1,,,,,bill,5328|3|10804,,,,心愿超值礼包9期不足
29365,心愿特惠礼包9期,10,ui_function_unknown,,7,,,,,1,,,,,bill,5328|3|10805,,,,心愿特惠礼包9期不足
29366,心愿豪华礼包9期,10,ui_function_unknown,,7,,,,,1,,,,,bill,5648|3|10806,,,,心愿豪华礼包9期不足
29367,心愿入门礼包10期,10,ui_function_unknown,,7,,,,,1,,,,,bill,5006|3|10901,,,,心愿入门礼包10期不足
29368,心愿助力礼包10期,10,ui_function_unknown,,7,,,,,1,,,,,bill,5030|3|10902,,,,心愿助力礼包10期不足
29369,心愿进阶礼包10期,10,ui_function_unknown,,7,,,,,1,,,,,bill,5198|3|10903,,,,心愿进阶礼包10期不足
29370,心愿超值礼包10期,10,ui_function_unknown,,7,,,,,1,,,,,bill,5328|3|10904,,,,心愿超值礼包10期不足
29371,心愿特惠礼包10期,10,ui_function_unknown,,7,,,,,1,,,,,bill,5328|3|10905,,,,心愿特惠礼包10期不足
29372,心愿豪华礼包10期,10,ui_function_unknown,,7,,,,,1,,,,,bill,5648|3|10906,,,,心愿豪华礼包10期不足
29373,心愿入门礼包11期,10,ui_function_unknown,,7,,,,,1,,,,,bill,5006|3|11001,,,,心愿入门礼包11期不足
29374,心愿助力礼包11期,10,ui_function_unknown,,7,,,,,1,,,,,bill,5030|3|11002,,,,心愿助力礼包11期不足
29375,心愿进阶礼包11期,10,ui_function_unknown,,7,,,,,1,,,,,bill,5198|3|11003,,,,心愿进阶礼包11期不足
29376,心愿超值礼包11期,10,ui_function_unknown,,7,,,,,1,,,,,bill,5328|3|11004,,,,心愿超值礼包11期不足
29377,心愿特惠礼包11期,10,ui_function_unknown,,7,,,,,1,,,,,bill,5328|3|11005,,,,心愿特惠礼包11期不足
29378,心愿豪华礼包11期,10,ui_function_unknown,,7,,,,,1,,,,,bill,5648|3|11006,,,,心愿豪华礼包11期不足
29379,心愿入门礼包12期,10,ui_function_unknown,,7,,,,,1,,,,,bill,5006|3|11101,,,,心愿入门礼包12期不足
29380,心愿助力礼包12期,10,ui_function_unknown,,7,,,,,1,,,,,bill,5030|3|11102,,,,心愿助力礼包12期不足
29381,心愿进阶礼包12期,10,ui_function_unknown,,7,,,,,1,,,,,bill,5198|3|11103,,,,心愿进阶礼包12期不足
29382,心愿超值礼包12期,10,ui_function_unknown,,7,,,,,1,,,,,bill,5328|3|11104,,,,心愿超值礼包12期不足
29383,心愿特惠礼包12期,10,ui_function_unknown,,7,,,,,1,,,,,bill,5328|3|11105,,,,心愿特惠礼包12期不足
29384,心愿豪华礼包12期,10,ui_function_unknown,,7,,,,,1,,,,,bill,5648|3|11106,,,,心愿豪华礼包12期不足
29385,心愿入门礼包新服期,10,ui_function_unknown,,7,,,,,1,,,,,bill,5006|3|19901,,,,心愿入门礼包新服期不足
29386,心愿助力礼包新服期,10,ui_function_unknown,,7,,,,,1,,,,,bill,5030|3|19902,,,,心愿助力礼包新服期不足
29387,心愿进阶礼包新服期,10,ui_function_unknown,,7,,,,,1,,,,,bill,5198|3|19903,,,,心愿进阶礼包新服期不足
29388,心愿超值礼包新服期,10,ui_function_unknown,,7,,,,,1,,,,,bill,5328|3|19904,,,,心愿超值礼包新服期不足
29389,心愿特惠礼包新服期,10,ui_function_unknown,,7,,,,,1,,,,,bill,5328|3|19905,,,,心愿特惠礼包新服期不足
29390,心愿豪华礼包新服期,10,ui_function_unknown,,7,,,,,1,,,,,bill,5648|3|19906,,,,心愿豪华礼包新服期不足
29404,大富翁礼包1期,10,ui_function_unknown,,7,,,,,1,,,,,bill,5030|3|20001,,,,大富翁礼包1期不足
29405,大富翁礼包2期,10,ui_function_unknown,,7,,,,,1,,,,,bill,5030|3|20002,,,,大富翁礼包2期不足
29406,vip直升卡,10,ui_function_unknown,,7,,,,,1,,,,,vipLv,,,,,vip直升卡不足
