Id,ratio,isFriendly,targetType,inherit,condition,skillFunc,hitJsonName
int32,float,int32,string,string,string,string,string
11001,1,0,self_1,,,skill_extraBuff~1~1~11001,
11002,1,0,self_1,,,skill_extraBuff~1~1~11002,
11003,1,0,self_1,,,skill_extraBuff~1~1~11003,
11004,1,0,self_1,,,skill_extraBuff~1~1~11004,
11005,1,0,self_1,,,skill_extraBuff~1~1~11005,
11006,1,0,self_1,,,skill_extraBuff~1~1~11006,
11201,1,0,self_1,,,skill_extraBuff~1~1~11201,
11202,1,0,self_1,,,skill_extraBuff~1~1~11202,
11203,1,0,self_1,,,skill_extraBuff~1~1~11203,
11204,1,0,self_1,,,skill_extraBuff~1~1~11204,
11205,1,0,self_1,,,skill_extraBuff~1~1~11205,
11206,1,0,self_1,,,skill_extraBuff~1~1~11206,
11401,1,0,self_1,,,skill_extraBuff~1~1~11401,
11402,1,0,self_1,,,skill_extraBuff~1~1~11402,
11403,1,0,self_1,,,skill_extraBuff~1~1~11403,
11404,1,0,self_1,,,skill_extraBuff~1~1~11404,
11405,1,0,self_1,,,skill_extraBuff~1~1~11405,
11406,1,0,self_1,,,skill_extraBuff~1~1~11406,
12001,1,0,self_1,,,skill_extraBuff~1~1~12001,
12002,1,0,self_1,,,skill_extraBuff~1~1~12002,
12003,1,0,self_1,,,skill_extraBuff~1~1~12003,
12004,1,0,self_1,,,skill_extraBuff~1~1~12004,
12005,1,0,self_1,,,skill_extraBuff~1~1~12005,
12006,1,0,self_1,,,skill_extraBuff~1~1~12006,
3001011,1,0,order_1_min,,,skill_dmg~1~1~0~0~2,sp_bt_critical_2
3001111,1,0,order_1_min,,,skill_dmg~1~2.03~0~0~2,sp_bt_critical_2
3004011,1,0,order_1_min,,,skill_dmg~1~1~0~0~2,sp_bt_critical_2
3004111,1,0,front_1_1,,,skill_dmg~1~1.34~0~0~2,
3004112,1,0,order_3_min,inherit_all,,skill_extraBuff~1~1~3004112,
3005011,1,0,order_1_min,,,skill_dmg~1~1~0~0~2,sp_bt_critical_2
3005111,1,0,front_4_1,,,skill_dmg~1~1.26~0~0~2,
3009011,1,0,order_1_min,,,skill_dmg~1~1~0~0~2,sp_bt_critical_2
3009111,1,0,order_1_min,,,skill_dmg~1~1.34~0~0~2,
3009112,1,1,self_1,,,skill_extraBuff~1~1~3009112,
3010011,1,0,order_1_min,,,skill_dmg~1~1~0~0~2,sp_bt_critical_2
3010111,1,0,back_2_1,,,skill_dmg~1~1.26~0~0~2,sp_bt_bladelight2_hammer
3011011,1,0,order_1_min,,,skill_dmg~1~1~0~0~2,sp_bt_critical_2
3011111,1,0,front_4_1,,,skill_dmg~1~1.72~0~0~2,
3011112,1,0,order_3_min,inherit_all,,skill_extraBuff~0.2~1~1040,
3014011,1,0,order_1_min,,,skill_dmg~1~1~0~0~2,sp_bt_critical_2
3014111,1,0,back_2_1,,,skill_dmg~1~1.34~0~0~2,
3014112,1,0,order_2_min,inherit_all,,skill_extraBuff~1~1~3014112,
3014211,1,1,self_1,,,skill_extraBuff~1~1~3014211,
3015011,1,0,order_1_min,,,skill_dmg~1~1~0~0~2,sp_bt_critical_2
3015111,1,0,back_4_1,,,skill_dmg~1~0.88~0~0~2,
3015211,1,1,self_1,,,skill_extraBuff~1~1~3015211,
3016011,1,0,order_1_min,,,skill_dmg~1~1~0~0~2,sp_bt_critical_2
3016021,1,0,order_1_min,,,skill_dmg~1~1.1~0~0~2,
3016111,1,0,back_2_1,,,skill_dmg~1~0.83~0~0~2,
3016112,1,0,order_2_min,inherit_all,,skill_extraBuff~1~1~3016112,
3016211,1,1,self_1,,,skill_replace~normal~301602,
3018011,1,0,order_1_min,,,skill_dmg~1~1~0~0~2,sp_bt_critical_2
3018111,1,0,order_1_min,,,skill_dmg~1~1.52~0~0~2,sp_bt_bladelight2_knife
3018112,1,1,hpRatio_2_min,,,skill_dmg~2~-0.76~0~0~2,
3018211,1,1,self_1,,,skill_extraBuff~1~1~3018211,
3019011,1,0,order_1_min,,,skill_dmg~1~1~0~0~2,sp_bt_critical_2
3019111,1,0,random_3,,,skill_dmg~1~1.05~0~0~2,
3019121,1,0,random_3,,,skill_dmg~1~1.15~0~0~2,
3019131,1,0,random_3,,,skill_dmg~1~1.26~0~0~2,
3019112,1,0,order_3_min,inherit_all,,skill_extraBuff~0.25~1~1040,
3019122,1,0,order_3_min,inherit_all,,skill_extraBuff~0.25~1~1040,
3019132,1,0,order_3_min,inherit_all,,skill_extraBuff~0.25~1~1040,
3019211,1,1,self_1,,,skill_extraBuff~1~1~3019211,
3019221,1,1,self_1,,,skill_extraBuff~1~1~3019221,
3019231,1,1,self_1,,,skill_extraBuff~1~1~3019231,
3019411,1,1,self_1,,,skill_extraBuff~1~1~3019411,
3019421,1,1,self_1,,,skill_extraBuff~1~1~3019421,
3019431,1,1,self_1,,,skill_extraBuff~1~1~3019431,
3020011,1,0,order_1_min,,,skill_dmg~1~1~0~0~2,sp_bt_critical_2
3020111,1,0,front_4_1,,,skill_dmg~1~1.21~0~0~2,
3020121,1,0,front_4_1,,,skill_dmg~1~1.33~0~0~2,
3020131,1,0,front_4_1,,,skill_dmg~1~1.46~0~0~2,
3020112,1,0,order_2_min,inherit_all,,skill_extraBuff~0.55~1~3020112,
3020122,1,0,order_2_min,inherit_all,,skill_extraBuff~0.55~1~3020122,
3020132,1,0,order_2_min,inherit_all,,skill_extraBuff~0.55~1~3020132,
3020211,1,1,self_1,,,skill_extraBuff~1~1~3020211,
3020221,1,1,self_1,,,skill_extraBuff~1~1~3020221,
3020231,1,1,self_1,,,skill_extraBuff~1~1~3020231,
3020411,1,1,self_1,,,skill_extraBuff~1~1~3020411,
3020421,1,1,self_1,,,skill_extraBuff~1~1~3020421,
3020431,1,1,self_1,,,skill_extraBuff~1~1~3020431,
3021011,1,0,order_1_min,,,skill_dmg~1~1~0~0~2,sp_bt_critical_2
3021111,1,0,hp_1_min,,,skill_dmg~1~2.16~0~0~2,
3021121,1,0,hp_1_min,,,skill_dmg~1~2.36~0~0~2,
3021131,1,0,hp_1_min,,,skill_dmg~1~2.59~0~0~2,
3021112,1,0,order_1_min,inherit_all,,skill_extraBuff~0.55~1~3021112,
3021122,1,0,order_1_min,inherit_all,,skill_extraBuff~0.55~1~3021122,
3021132,1,0,order_1_min,inherit_all,,skill_extraBuff~0.55~1~3021132,
3021113,1,0,job_1_3,inherit_all,,skill_dmg~1~0~4~0.9~2,
3021123,1,0,job_1_3,inherit_all,,skill_dmg~1~0~4~0.98~2,
3021133,1,0,job_1_3,inherit_all,,skill_dmg~1~0~4~1.08~2,
3021211,1,1,self_1,,,skill_extraBuff~1~1~3021211,
3021221,1,1,self_1,,,skill_extraBuff~1~1~3021221,
3021231,1,1,self_1,,,skill_extraBuff~1~1~3021231,
3021212,1,1,self_1,,,skill_extraBuff~1~1~3021212,
3021222,1,1,self_1,,,skill_extraBuff~1~1~3021222,
3021232,1,1,self_1,,,skill_extraBuff~1~1~3021232,
3021411,1,1,self_1,,,skill_extraBuff~1~1~3021411,
3021421,1,1,self_1,,,skill_extraBuff~1~1~3021421,
3021431,1,1,self_1,,,skill_extraBuff~1~1~3021431,
3021412,1,1,self_1,,,skill_extraBuff~1~1~3021412,
3021422,1,1,self_1,,,skill_extraBuff~1~1~3021422,
3021432,1,1,self_1,,,skill_extraBuff~1~1~3021432,
3022011,1,0,order_1_min,,,skill_dmg~1~1~0~0~2,sp_bt_critical_2
3022111,1,0,hp_2_min,,,skill_dmg~1~1.4~0~0~2,
3022121,1,0,hp_2_min,,,skill_dmg~1~1.48~0~0~2,
3022131,1,0,hp_2_min,,,skill_dmg~1~1.56~0~0~2,
3022141,1,0,hp_2_min,,,skill_dmg~1~1.7~0~0~2,
3022112,1,0,order_2_min,inherit_all,,skill_extraBuff~0.25~1~1041,
3022122,1,0,order_2_min,inherit_all,,skill_extraBuff~0.28~1~1041,
3022132,1,0,order_2_min,inherit_all,,skill_extraBuff~0.31~1~1041,
3022142,1,0,order_2_min,inherit_all,,skill_extraBuff~0.35~1~1041,
3022113,1,0,job_2_3,inherit_all,buffType_target_207,skill_dmg~1~0~4~0.4~2,
3022123,1,0,job_2_3,inherit_all,buffType_target_207,skill_dmg~1~0~4~0.46~2,
3022133,1,0,job_2_3,inherit_all,buffType_target_207,skill_dmg~1~0~4~0.52~2,
3022143,1,0,job_2_3,inherit_all,buffType_target_207,skill_dmg~1~0~4~0.6~2,
3022211,1,1,self_1,,,skill_extraBuff~1~1~3022211,
3022221,1,1,self_1,,,skill_extraBuff~1~1~3022221,
3022231,1,1,self_1,,,skill_extraBuff~1~1~3022231,
3022241,1,1,self_1,,,skill_extraBuff~1~1~3022241,
3022212,1,1,self_1,,,skill_extraBuff~1~1~3022212,
3022222,1,1,self_1,,,skill_extraBuff~1~1~3022222,
3022232,1,1,self_1,,,skill_extraBuff~1~1~3022232,
3022242,1,1,self_1,,,skill_extraBuff~1~1~3022242,
3022411,1,1,self_1,,,skill_extraBuff~1~1~3022411,
3022421,1,1,self_1,,,skill_extraBuff~1~1~3022421,
3022431,1,1,self_1,,,skill_extraBuff~1~1~3022431,
3022441,1,1,self_1,,,skill_extraBuff~1~1~3022441,
3022511,1,1,self_1,,,skill_extraBuff~1~1~3022511,
3023011,1,0,order_1_min,,,skill_dmg~1~1~0~0~2,sp_bt_critical_2
3023111,1,0,random_3,,,skill_dmg~1~1.29~0~0~2,
3023121,1,0,random_3,,,skill_dmg~1~1.41~0~0~2,
3023131,1,0,random_3,,,skill_dmg~1~1.55~0~0~2,
3023141,1,0,random_3,,,skill_dmg~1~1.73~0~0~2,
3023112,1,0,job_4_1,inherit_all,,skill_dmg~1~0~4~0.63~2,
3023122,1,0,job_4_1,inherit_all,,skill_dmg~1~0~4~0.69~2,
3023132,1,0,job_4_1,inherit_all,,skill_dmg~1~0~4~0.76~2,
3023142,1,0,job_4_1,inherit_all,,skill_dmg~1~0~4~0.84~2,
3023211,1,1,self_1,,,skill_extraBuff~1~1~3023211,
3023221,1,1,self_1,,,skill_extraBuff~1~1~3023221,
3023231,1,1,self_1,,,skill_extraBuff~1~1~3023231,
3023241,1,1,self_1,,,skill_extraBuff~1~1~3023241,
3023212,1,1,self_1,,,skill_extraBuff~1~1~3023212,
3023222,1,1,self_1,,,skill_extraBuff~1~1~3023222,
3023232,1,1,self_1,,,skill_extraBuff~1~1~3023232,
3023242,1,1,self_1,,,skill_extraBuff~1~1~3023242,
3023411,1,1,self_1,,,skill_extraBuff~1~1~3023411,
3023421,1,1,self_1,,,skill_extraBuff~1~1~3023421,
3023431,1,1,self_1,,,skill_extraBuff~1~1~3023431,
3023441,1,1,self_1,,,skill_extraBuff~1~1~3023441,
3023412,1,1,self_1,,,skill_extraBuff~1~1~3023412,
3023422,1,1,self_1,,,skill_extraBuff~1~1~3023422,
3023432,1,1,self_1,,,skill_extraBuff~1~1~3023432,
3023442,1,1,self_1,,,skill_extraBuff~1~1~3023442,
3023511,1,1,self_1,,,skill_extraBuff~1~1~3023511,
3024011,1,0,order_1_min,,,skill_dmg~1~1~0~0~2,sp_bt_critical_2
3024021,1,0,order_1_min,,,skill_dmg~1~0.9~0~0~2,
3024111,1,0,back_1_1,,,skill_dmg~1~1.94~0~0~2,
3024121,1,0,back_1_1,,,skill_dmg~1~2.12~0~0~2,
3024131,1,0,back_1_1,,,skill_dmg~1~2.33~0~0~2,
3024112,1,1,order_6_min,,,skill_dmg~2~-0.57~0~0~2,
3024122,1,1,order_6_min,,,skill_dmg~2~-0.62~0~0~2,
3024132,1,1,order_6_min,,,skill_dmg~2~-0.68~0~0~2,
3024113,1,1,order_6_min,inherit_all,,skill_extraBuff~1~1~3024113,
3024123,1,1,order_6_min,inherit_all,,skill_extraBuff~1~1~3024123,
3024133,1,1,order_6_min,inherit_all,,skill_extraBuff~1~1~3024133,
3024211,1,1,self_1,,,skill_extraBuff~1~1~3024211,
3024221,1,1,self_1,,,skill_extraBuff~1~1~3024221,
3024231,1,1,self_1,,,skill_extraBuff~1~1~3024231,
3024411,1,1,self_1,,,skill_replace~normal~302402,
3024421,1,1,self_1,,,skill_replace~normal~302402,
3024431,1,1,self_1,,,skill_replace~normal~302402,
3024412,1,1,self_1,,,skill_extraBuff~1~1~3024412,
3024422,1,1,self_1,,,skill_extraBuff~1~1~3024412,
3024432,1,1,self_1,,,skill_extraBuff~1~1~3024412,
3025011,1,0,order_1_min,,,skill_dmg~1~1~0~0~2,sp_bt_critical_2
3025111,1,0,back_4_1,,,skill_dmg~1~0.74~0~0~2,
3025121,1,0,back_4_1,,,skill_dmg~1~0.81~0~0~2,
3025131,1,0,back_4_1,,,skill_dmg~1~0.89~0~0~2,
3025112,1,0,order_4_min,inherit_all,,skill_extraBuff~1~1~3025112,
3025122,1,0,order_4_min,inherit_all,,skill_extraBuff~1~1~3025122,
3025132,1,0,order_4_min,inherit_all,,skill_extraBuff~1~1~3025132,
3025211,1,1,job_6_2,,,skill_extraBuff~1~1~3025211,
3025221,1,1,job_6_2,,,skill_extraBuff~1~1~3025221,
3025231,1,1,job_6_2,,,skill_extraBuff~1~1~3025231,
3025411,1,1,self_1,,,skill_extraBuff~1~1~3025411,
3025421,1,1,self_1,,,skill_extraBuff~1~1~3025421,
3025431,1,1,self_1,,,skill_extraBuff~1~1~3025431,
3042011,1,0,order_1_min,,,skill_dmg~1~1~0~0~2,sp_bt_critical_2
3042111,1,0,order_1_min,,,skill_dmg~1~1.34~0~0~2,sp_013_skill_hit
3042112,1,0,order_3_min,inherit_all,,skill_extraBuff~1~1~3042112,
3043011,1,0,order_1_min,,,skill_dmg~1~1~0~0~2,sp_bt_critical_2
3043111,1,0,order_1_min,,,skill_dmg~1~1.34~0~0~2,
3043112,1,1,self_1,,,skill_extraBuff~1~1~3043112,
3046011,1,0,order_1_min,,,skill_dmg~1~1~0~0~2,sp_bt_critical_2
3046111,1,0,order_1_min,,,skill_dmg~1~2.03~0~0~2,sp_006_skill_hit
3046112,1,1,random_2,,,skill_extraBuff~1~1~3046112,
3047011,1,0,order_1_min,,,skill_dmg~1~1~0~0~2,sp_bt_critical_2
3047111,1,0,front_4_1,,,skill_dmg~1~0.83~0~0~2,
3047112,1,1,front_4_1,,,skill_extraBuff~1~1~3047112,
3048011,1,0,order_1_min,,,skill_dmg~1~1~0~0~2,sp_bt_critical_2
3048111,1,0,mixAnd|back_4_1|hp_2_min,,,skill_dmg~1~1.14~0~0~2,
3051011,1,0,order_1_min,,,skill_dmg~1~1~0~0~2,sp_bt_critical_2
3051111,1,0,order_1_min,,,skill_dmg~1~1.52~0~0~2,sp_178_skill_hit
3051112,1,1,hpRatio_2_min,,,skill_dmg~2~-0.76~0~0~2,
3052011,1,0,order_1_min,,,skill_dmg~1~1~0~0~2,sp_bt_critical_2
3052111,1,0,front_4_1,,,skill_dmg~1~0.83~0~0~2,
3052112,1,1,self_1,,,skill_extraBuff~1~1~3052112,
3052211,1,1,self_1,,,skill_extraBuff~1~1~3052211,
3053011,1,0,order_1_min,,,skill_dmg~1~1~0~0~2,sp_bt_critical_2
3053111,1,0,mixAnd|back_4_1|hp_1_min,,,skill_dmg~1~1.2~0~0~2,
3053112,1,0,order_1_min,inherit_all,,skill_extraBuff~1~1~3053112,
3053211,1,1,self_1,,,skill_extraBuff~1~1~3053211,
3054011,1,0,order_1_min,,,skill_dmg~1~1~0~0~2,sp_bt_critical_2
3054111,1,0,order_6_min,,,skill_dmg~1~0.89~0~0~2,sp_178_skill_hit
3054112,1,1,order_6_min,inherit_all,,skill_extraBuff~0.2~1~1000,
3054211,1,1,self_1,,,skill_extraBuff~1~1~3054211,
3056011,1,0,order_1_min,,,skill_dmg~1~1~0~0~2,sp_bt_critical_2
3056111,1,0,back_2_1,,,skill_dmg~1~0.83~0~0~2,sp_bt_bladelight2_knife
3056112,1,1,random_2,,,skill_extraBuff~1~1~3056112,
3056211,1,1,self_1,,,skill_extraBuff~1~1~3056211,
3058011,1,0,order_1_min,,,skill_dmg~1~1~0~0~2,sp_bt_critical_2
3058111,1,0,front_4_1,,,skill_dmg~1~1.16~0~0~2,
3058121,1,0,front_4_1,,,skill_dmg~1~1.27~0~0~2,
3058131,1,0,front_4_1,,,skill_dmg~1~1.39~0~0~2,
3058141,1,0,front_4_1,,,skill_dmg~1~1.54~0~0~2,
3058112,1,0,order_6_min,,,skill_extraBuff~1~1~3058112,
3058122,1,0,order_6_min,,,skill_extraBuff~1~1~3058122,
3058132,1,0,order_6_min,,,skill_extraBuff~1~1~3058132,
3058142,1,0,order_6_min,,,skill_extraBuff~1~1~3058142,
3058113,1,1,self_1,,,skill_extraBuff~1~1~3058113,
3058123,1,1,self_1,,,skill_extraBuff~1~1~3058123,
3058133,1,1,self_1,,,skill_extraBuff~1~1~3058133,
3058143,1,1,self_1,,,skill_extraBuff~1~1~3058143,
3058211,1,1,self_1,,,skill_extraBuff~1~1~3058211,
3058221,1,1,self_1,,,skill_extraBuff~1~1~3058221,
3058231,1,1,self_1,,,skill_extraBuff~1~1~3058231,
3058241,1,1,self_1,,,skill_extraBuff~1~1~3058241,
3058212,1,1,self_1,,,skill_extraBuff~1~1~3058212,
3058222,1,1,self_1,,,skill_extraBuff~1~1~3058222,
3058232,1,1,self_1,,,skill_extraBuff~1~1~3058232,
3058242,1,1,self_1,,,skill_extraBuff~1~1~3058242,
3058411,1,1,self_1,,,skill_extraBuff~1~1~3058411,
3058421,1,1,self_1,,,skill_extraBuff~1~1~3058421,
3058431,1,1,self_1,,,skill_extraBuff~1~1~3058431,
3058441,1,1,self_1,,,skill_extraBuff~1~1~3058441,
3058412,1,1,hero_1_30256,,,skill_extraBuff~1~1~3058412,
3058422,1,1,hero_1_30256,,,skill_extraBuff~1~1~3058422,
3058432,1,1,hero_1_30256,,,skill_extraBuff~1~1~3058432,
3058442,1,1,hero_1_30256,,,skill_extraBuff~1~1~3058442,
3058511,1,1,self_1,,,skill_extraBuff~1~1~3058511,
3059011,1,0,order_1_min,,,skill_dmg~1~1~0~0~2,sp_bt_critical_2
3059111,1,0,random_1,,,skill_dmg~1~2.07~0~0~2,sp_sk_hit_thunder
3059121,1,0,random_1,,,skill_dmg~1~2.26~0~0~2,sp_sk_hit_thunder
3059131,1,0,random_1,,,skill_dmg~1~2.48~0~0~2,sp_sk_hit_thunder
3059112,1,0,order_2_min,,skillKill,skill_next~1~special~5,
3059122,1,0,order_2_min,,skillKill,skill_next~1~special~5,
3059132,1,0,order_2_min,,skillKill,skill_next~1~special~5,
3059211,1,1,self_1,,,skill_extraBuff~1~1~3059211,
3059221,1,1,self_1,,,skill_extraBuff~1~1~3059221,
3059231,1,1,self_1,,,skill_extraBuff~1~1~3059231,
3059411,1,1,self_1,,,skill_extraBuff~1~1~3059411,
3059421,1,1,self_1,,,skill_extraBuff~1~1~3059421,
3059431,1,1,self_1,,,skill_extraBuff~1~1~3059431,
3060011,1,0,order_1_min,,,skill_dmg~1~1~0~0~2,sp_bt_critical_2
3060111,1,0,back_3_1,,,skill_dmg~1~0.27~0~0~2,sp_178_skill_hit
3060121,1,0,back_3_1,,,skill_dmg~1~0.29~0~0~2,sp_178_skill_hit
3060131,1,0,back_3_1,,,skill_dmg~1~0.32~0~0~2,sp_178_skill_hit
3060112,1,0,random_1,inherit_else,,skill_extraBuff~1~1~1061,
3060122,1,0,random_1,inherit_else,,skill_extraBuff~1~1~1061,
3060132,1,0,random_1,inherit_else,,skill_extraBuff~1~1~1061,
3060113,1,0,order_2_min,inherit_all,,skill_extraBuff~1~1~3060113,
3060123,1,0,order_2_min,inherit_all,,skill_extraBuff~1~1~3060123,
3060133,1,0,order_2_min,inherit_all,,skill_extraBuff~1~1~3060133,
3060211,1,1,self_1,,,skill_extraBuff~1~1~3060211,
3060221,1,1,self_1,,,skill_extraBuff~1~1~3060221,
3060231,1,1,self_1,,,skill_extraBuff~1~1~3060231,
3060411,1,1,self_1,,,skill_extraBuff~1~1~3060411,
3060421,1,1,self_1,,,skill_extraBuff~1~1~3060421,
3060431,1,1,self_1,,,skill_extraBuff~1~1~3060431,
3061011,1,0,order_1_min,,,skill_dmg~1~1~0~0~2,sp_bt_critical_2
3061111,1,0,order_6_min,,,skill_dmg~1~0.84~0~0~2,sp_sk_fly_red_elec_shot
3061121,1,0,order_6_min,,,skill_dmg~1~0.91~0~0~2,sp_sk_fly_red_elec_shot
3061131,1,0,order_6_min,,,skill_dmg~1~0.98~0~0~2,sp_sk_fly_red_elec_shot
3061112,1,0,order_6_min,inherit_all,,skill_extraBuff~0.35~1~1061,
3061122,1,0,order_6_min,inherit_all,,skill_extraBuff~0.375~1~1061,
3061132,1,0,order_6_min,inherit_all,,skill_extraBuff~0.4~1~1061,
3061211,1,1,self_1,,,skill_extraBuff~1~1~3061211,
3061221,1,1,self_1,,,skill_extraBuff~1~1~3061221,
3061231,1,1,self_1,,,skill_extraBuff~1~1~3061231,
3061411,1,1,self_1,,,skill_extraBuff~1~1~3061411,
3061421,1,1,self_1,,,skill_extraBuff~1~1~3061421,
3061431,1,1,self_1,,,skill_extraBuff~1~1~3061431,
3062011,1,0,order_1_min,,,skill_dmg~1~1~0~0~2,sp_178_skill_hit
3062111,1,0,hp_1_max,,,skill_dmg~1~1.94~2~0.02~2,sp_178_skill_hit
3062121,1,0,hp_1_max,,,skill_dmg~1~2.12~2~0.03~2,sp_178_skill_hit
3062131,1,0,hp_1_max,,,skill_dmg~1~2.33~2~0.04~2,sp_178_skill_hit
3062211,1,1,self_1,,,skill_extraBuff~1~1~3062211,
3062221,1,1,self_1,,,skill_extraBuff~1~1~3062221,
3062231,1,1,self_1,,,skill_extraBuff~1~1~3062231,
3062411,1,1,self_1,,,skill_extraBuff~1~1~3062411,
3062421,1,1,self_1,,,skill_extraBuff~1~1~3062421,
3062431,1,1,self_1,,,skill_extraBuff~1~1~3062431,
3063011,1,0,order_1_min,,,skill_dmg~1~1~0~0~2,sp_bt_critical_2
3063021,1,0,random_2,,,skill_dmg~1~1~0~0~2,sp_bt_critical_2
3063111,1,0,random_2,,,skill_dmg~1~1.31~0~0~2,
3063121,1,0,random_2,,,skill_dmg~1~1.43~0~0~2,
3063131,1,0,random_2,,,skill_dmg~1~1.57~0~0~2,
3063112,1,0,job_2_4,inherit_all,,skill_extraBuff~0.55~1~1011,
3063122,1,0,job_2_4,inherit_all,,skill_extraBuff~0.55~1~1011,
3063132,1,0,job_2_4,inherit_all,,skill_extraBuff~0.55~1~1011,
3063211,1,1,self_1,,,skill_replace~normal~306302,
3063221,1,1,self_1,,,skill_replace~normal~306302,
3063231,1,1,self_1,,,skill_replace~normal~306302,
3063212,1,1,self_1,,heroLive_30058,skill_extraBuff~1~1~3063212,
3063222,1,1,self_1,,heroLive_30058,skill_extraBuff~1~1~3063222,
3063232,1,1,self_1,,heroLive_30058,skill_extraBuff~1~1~3063232,
3063411,1,1,self_1,,,skill_extraBuff~1~1~3063411,
3063421,1,1,self_1,,,skill_extraBuff~1~1~3063421,
3063431,1,1,self_1,,,skill_extraBuff~1~1~3063431,
3063412,1,1,hero_1_30058,,,skill_extraBuff~1~1~3063412,
3063422,1,1,hero_1_30058,,,skill_extraBuff~1~1~3063422,
3063432,1,1,hero_1_30058,,,skill_extraBuff~1~1~3063432,
3064011,1,0,order_1_min,,,skill_dmg~1~1~0~0~2,sp_bt_critical_2
3064022,1,1,hpRatio_1_min,,,skill_dmg~2~-0.93~0~0~2,
3064032,1,1,hpRatio_1_min,,,skill_dmg~2~-1.02~0~0~2,
3064042,1,1,hpRatio_1_min,,,skill_dmg~2~-1.12~0~0~2,
3064111,1,0,front_4_1,,,skill_dmg~1~1.57~0~0~2,
3064121,1,0,front_4_1,,,skill_dmg~1~1.72~0~0~2,
3064131,1,0,front_4_1,,,skill_dmg~1~1.89~0~0~2,
3064112,1,0,random_1,,,skill_extraBuff~1~1~3064112,
3064122,1,0,random_1,,,skill_extraBuff~1~1~3064122,
3064132,1,0,random_1,,,skill_extraBuff~1~1~3064132,
3064211,1,1,self_1,,,skill_replace~normal~306402,
3064221,1,1,self_1,,,skill_replace~normal~306403,
3064231,1,1,self_1,,,skill_replace~normal~306404,
3064411,1,1,self_1,,,skill_extraBuff~1~1~3064411,
3064421,1,1,self_1,,,skill_extraBuff~1~1~3064421,
3064431,1,1,self_1,,,skill_extraBuff~1~1~3064431,
3256011,1,0,order_1_min,,,skill_dmg~1~1~0~0~2,sp_bt_critical_2
3256111,1,0,random_4,,,skill_dmg~1~1.27~0~0~2,sp_lighting_hit
3256121,1,0,random_4,,,skill_dmg~1~1.39~0~0~2,sp_lighting_hit
3256131,1,0,random_4,,,skill_dmg~1~1.52~0~0~2,sp_lighting_hit
3256141,1,0,random_4,,,skill_dmg~1~1.69~0~0~2,sp_lighting_hit
3256112,1,0,buffType_4_209,inherit_all,,skill_dmg~1~0~0~0.39~2,
3256122,1,0,buffType_4_209,inherit_all,,skill_dmg~1~0~0~0.43~2,
3256132,1,0,buffType_4_209,inherit_all,,skill_dmg~1~0~0~0.47~2,
3256142,1,0,buffType_4_209,inherit_all,,skill_dmg~1~0~0~0.52~2,
3256211,1,1,self_1,,,skill_extraBuff~1~1~3256211,
3256212,1,1,self_1,,,skill_extraBuff~1~1~3256221,
3256213,1,1,self_1,,,skill_extraBuff~1~1~3256231,
3256214,1,1,self_1,,,skill_extraBuff~1~1~3256241,
3256411,1,1,self_1,,,skill_extraBuff~1~1~3256411~3256412,
3256421,1,1,self_1,,,skill_extraBuff~1~1~3256421~3256422,
3256431,1,1,self_1,,,skill_extraBuff~1~1~3256431~3256432,
3256441,1,1,self_1,,,skill_extraBuff~1~1~3256441~3256442,
3256511,1,1,self_1,,,skill_extraBuff~1~1~3256511~3256512,
3119011,1,0,order_1_min,,,skill_dmg~1~1~0~0~2,sp_bt_critical_2
3119111,1,0,back_1_1,,,skill_dmg~1~2.03~0~0~2,sp_sk_swordup
3119112,1,0,order_1_min,inherit_all,,skill_extraBuff~1~1~3119112,
3123011,1,0,order_1_min,,,skill_dmg~1~1~0~0~2,sp_bt_critical_2
3123111,1,0,order_1_min,,,skill_dmg~1~2.03~0~0~2,
3123112,1,0,order_1_min,inherit_all,,skill_extraBuff~1~1~3123112,
3124011,1,0,order_1_min,,,skill_dmg~1~1~0~0~2,sp_bt_critical_2
3124111,1,0,order_1_min,,,skill_dmg~1~2.03~0~0~2,sp_006_skill_hit
3124112,1,1,self_1,,,skill_dmg~2~-1.22~0~0~2,
3125011,1,0,order_1_min,,,skill_dmg~1~1~0~0~2,sp_bt_critical_2
3125111,1,0,random_3,,,skill_dmg~1~1.01~0~0~2,
3125112,1,1,order_3_min,inherit_all,,skill_extraBuff~1~1~3125112,
3126011,1,0,order_1_min,,,skill_dmg~1~1~0~0~2,sp_bt_critical_2
3126111,1,0,front_4_1,,,skill_dmg~1~1.26~0~0~2,sp_bt_bladelight2_hammer
3126112,1,0,distance_4_2,inherit_all,,skill_dmg~1~0~4~0.56~2,
3129011,1,0,order_1_min,,,skill_dmg~1~1~0~0~2,sp_bt_critical_2
3129111,1,0,back_2_1,,,skill_dmg~1~1.09~0~0~2,sp_120_skill_hit
3129112,0.25,0,order_3_min,inherit_all,,skill_extraBuff~0.4~1~1015,
3130011,1,0,order_1_min,,,skill_dmg~1~1~0~0~2,sp_bt_critical_2
3130111,1,0,front_4_1,,,skill_dmg~1~1.01~0~0~2,
3130112,1,1,hpRatio_2_min,,,skill_extraBuff~1~1~3130112,
3130211,1,1,self_1,,,skill_extraBuff~1~1~3130211,
3131011,1,0,order_1_min,,,skill_dmg~1~1~0~0~2,sp_bt_critical_2
3131111,1,0,order_1_min,,,skill_dmg~1~1.34~0~0~2,sp_006_skill_hit
3131112,1,1,self_1,,,skill_extraBuff~1~1~3131112,
3131211,1,1,self_1,,,skill_extraBuff~1~1~3131211,
3133011,1,0,order_1_min,,,skill_dmg~1~1~0~0~2,sp_bt_critical_2
3133111,1,0,back_4_1,,,skill_dmg~1~0.58~0~0~2,sp_213_skill_hit
3133112,1,0,order_4_min,inherit_all,,skill_extraBuff~1~1~3133112,
3133211,1,1,self_1,,,skill_extraBuff~1~1~3133211,
3134011,1,0,order_1_min,,,skill_dmg~1~1~0~0~2,sp_bt_critical_2
3134111,1,0,hp_1_min,,,skill_dmg~1~1.82~2~0.05~2,sp_sk_hit_tomb
3134112,1,1,self_1,,killed_0,skill_dmg~1~0~2~0.1~2,
3134211,1,1,self_1,,,skill_extraBuff~1~1~3134211,
3136011,1,0,order_1_min,,,skill_dmg~1~1~0~0~2,sp_bt_critical_2
3136111,1,0,front_4_1,,,skill_dmg~1~1.16~0~0~2,
3136121,1,0,front_4_1,,,skill_dmg~1~1.27~0~0~2,
3136131,1,0,front_4_1,,,skill_dmg~1~1.39~0~0~2,
3136141,1,0,front_4_1,,,skill_dmg~1~1.54~0~0~2,
3136112,1,1,mixOr|self_1|attr_1_max_10,,,skill_extraBuff~1~2~3136112~3136113,
3136122,1,1,mixOr|self_1|attr_1_max_10,,,skill_extraBuff~1~2~3136122~3136123,
3136132,1,1,mixOr|self_1|attr_1_max_10,,,skill_extraBuff~1~2~3136132~3136133,
3136142,1,1,mixOr|self_1|attr_1_max_10,,,skill_extraBuff~1~2~3136142~3136143,
3136211,1,1,self_1,,,skill_extraBuff~1~1~3136211,
3136221,1,1,self_1,,,skill_extraBuff~1~1~3136221,
3136231,1,1,self_1,,,skill_extraBuff~1~1~3136231,
3136241,1,1,self_1,,,skill_extraBuff~1~1~3136241,
3136411,1,0,self_1,,,skill_extraBuff~1~2~3136411~3136412,
3136421,1,0,self_1,,,skill_extraBuff~1~2~3136421~3136422,
3136431,1,0,self_1,,,skill_extraBuff~1~2~3136431~3136432,
3136441,1,0,self_1,,,skill_extraBuff~1~2~3136441~3136442,
3136511,1,1,self_1,,,skill_extraBuff~1~1~3136511,
3137011,1,0,order_1_min,,,skill_dmg~1~1~0~0~2,sp_bt_critical_2
3137111,1,0,random_2,,,skill_dmg~1~1.35~0~0~2,
3137121,1,0,random_2,,,skill_dmg~1~1.48~0~0~2,
3137131,1,0,random_2,,,skill_dmg~1~1.63~0~0~2,
3137112,1,0,front_1_1,,,skill_extraBuff~1~1~3137112,
3137122,1,0,front_1_1,,,skill_extraBuff~1~1~3137122,
3137132,1,0,front_1_1,,,skill_extraBuff~1~1~3137132,
3137211,1,1,self_1,,,skill_extraBuff~1~1~3137211,
3137221,1,1,self_1,,,skill_extraBuff~1~1~3137221,
3137231,1,1,self_1,,,skill_extraBuff~1~1~3137231,
3137411,1,1,self_1,,,skill_extraBuff~1~1~3137411,
3137421,1,1,self_1,,,skill_extraBuff~1~1~3137421,
3137431,1,1,self_1,,,skill_extraBuff~1~1~3137431,
3138011,1,0,order_1_min,,,skill_dmg~1~1~0~0~2,sp_bt_critical_2
3138111,1,0,order_6_min,,,skill_dmg~1~0.6~0~0~2,
3138121,1,0,order_6_min,,,skill_dmg~1~0.65~0~0~2,
3138131,1,0,order_6_min,,,skill_dmg~1~0.71~0~0~2,
3138141,1,0,order_6_min,,,skill_dmg~1~0.79~0~0~2,
3138112,1,0,random_1,inherit_else,,skill_extraBuff~1~1~1051,
3138122,1,0,random_1,inherit_else,,skill_extraBuff~1~1~1051,
3138132,1,0,random_1,inherit_else,,skill_extraBuff~1~1~1051,
3138142,1,0,random_1,inherit_else,,skill_extraBuff~1~1~1051,
3138113,1,0,order_5,inherit_all,,skill_extraBuff~1~1~3138113,
3138123,1,0,order_5,inherit_all,,skill_extraBuff~1~1~3138123,
3138133,1,0,order_5,inherit_all,,skill_extraBuff~1~1~3138133,
3138143,1,0,order_5,inherit_all,,skill_extraBuff~1~1~3138143,
3138211,1,0,self_1,,,skill_extraBuff~1~1~3138211,
3138221,1,0,self_1,,,skill_extraBuff~1~1~3138221,
3138231,1,0,self_1,,,skill_extraBuff~1~1~3138231,
3138241,1,0,self_1,,,skill_extraBuff~1~1~3138241,
3138411,1,0,self_1,,,skill_extraBuff~1~1~3138411,
3138421,1,0,self_1,,,skill_extraBuff~1~1~3138421,
3138431,1,0,self_1,,,skill_extraBuff~1~1~3138431,
3138441,1,0,self_1,,,skill_extraBuff~1~1~3138441,
3138511,1,0,self_1,,,skill_extraBuff~1~1~3138511,
3139011,1,0,order_1_min,,,skill_dmg~1~1~0~0~2,sp_bt_critical_2
3139111,1,0,hp_3_min,,,skill_dmg~1~0.7~0~0~2,
3139121,1,0,hp_3_min,,,skill_dmg~1~0.76~0~0~2,
3139131,1,0,hp_3_min,,,skill_dmg~1~0.84~0~0~2,
3139141,1,0,hp_3_min,,,skill_dmg~1~0.93~0~0~2,
3139112,1,1,self_1,,,skill_extraBuff~1~1~3139112,
3139122,1,1,self_1,,,skill_extraBuff~1~1~3139122,
3139132,1,1,self_1,,,skill_extraBuff~1~1~3139132,
3139142,1,1,self_1,,,skill_extraBuff~1~1~3139142,
3139211,1,1,self_1,,,skill_extraBuff~1~1~3139211,
3139221,1,1,self_1,,,skill_extraBuff~1~1~3139221,
3139231,1,1,self_1,,,skill_extraBuff~1~1~3139231,
3139241,1,1,self_1,,,skill_extraBuff~1~1~3139241,
3139212,1,1,self_1,,,skill_extraBuff~1~1~3139212,
3139222,1,1,self_1,,,skill_extraBuff~1~1~3139222,
3139232,1,1,self_1,,,skill_extraBuff~1~1~3139232,
3139242,1,1,self_1,,,skill_extraBuff~1~1~3139242,
3139411,1,1,self_1,,,skill_extraBuff~1~1~3139411,
3139421,1,1,self_1,,,skill_extraBuff~1~1~3139421,
3139431,1,1,self_1,,,skill_extraBuff~1~1~3139431,
3139441,1,1,self_1,,,skill_extraBuff~1~1~3139441,
3139412,1,1,self_1,,,skill_extraBuff~1~1~3139412,
3139422,1,1,self_1,,,skill_extraBuff~1~1~3139422,
3139432,1,1,self_1,,,skill_extraBuff~1~1~3139432,
3139442,1,1,self_1,,,skill_extraBuff~1~1~3139442,
3139511,1,1,self_1,,,skill_extraBuff~1~1~3139511,
3140011,1,0,order_1_min,,,skill_dmg~1~1~0~0~2,sp_bt_critical_2
3140111,1,0,hp_2_max,,,skill_dmg~1~1.29~0~0~2,
3140121,1,0,hp_2_max,,,skill_dmg~1~1.41~0~0~2,
3140131,1,0,hp_2_max,,,skill_dmg~1~1.55~0~0~2,
3140112,1,0,job_2_2_4,inherit_all,,skill_dmg~1~0~2~0.06~2,
3140122,1,0,job_2_2_4,inherit_all,,skill_dmg~1~0~2~0.07~2,
3140132,1,0,job_2_2_4,inherit_all,,skill_dmg~1~0~2~0.08~2,
3140211,1,1,self_1,,,skill_extraBuff~1~1~3140211,
3140221,1,1,self_1,,,skill_extraBuff~1~1~3140221,
3140231,1,1,self_1,,,skill_extraBuff~1~1~3140231,
3140411,1,1,self_1,,,skill_extraBuff~1~1~3140411,
3140421,1,1,self_1,,,skill_extraBuff~1~1~3140421,
3140431,1,1,self_1,,,skill_extraBuff~1~1~3140431,
3141011,1,0,order_1_min,,,skill_dmg~1~1~0~0~2,sp_bt_critical_148
3141111,1,0,order_6_min,,,skill_dmg~1~0.83~0~0~2,
3141121,1,0,order_6_min,,,skill_dmg~1~0.91~0~0~2,
3141131,1,0,order_6_min,,,skill_dmg~1~1~0~0~2,
3141112,1,0,order_6_min,inherit_all,,skill_extraBuff~0.4~1~3141112,
3141122,1,0,order_6_min,inherit_all,,skill_extraBuff~0.4~1~3141122,
3141132,1,0,order_6_min,inherit_all,,skill_extraBuff~0.4~1~3141132,
3141113,1,1,self_1,,,skill_heroCntBuff~buffType_enemy_102~3141113,
3141123,1,1,self_1,,,skill_heroCntBuff~buffType_enemy_102~3141123,
3141133,1,1,self_1,,,skill_heroCntBuff~buffType_enemy_102~3141133,
3141211,1,1,self_1,,,skill_extraBuff~1~1~3141211,
3141221,1,1,self_1,,,skill_extraBuff~1~1~3141221,
3141231,1,1,self_1,,,skill_extraBuff~1~1~3141231,
3141411,1,1,self_1,,,skill_extraBuff~1~1~3141411,
3141421,1,1,self_1,,,skill_extraBuff~1~1~3141421,
3141431,1,1,self_1,,,skill_extraBuff~1~1~3141431,
3142011,1,0,order_1_min,,,skill_dmg~1~1~0~0~2,sp_bt_critical_2
3142111,1,0,order_1_min,,,skill_dmg~1~1.94~0~0~2,
3142121,1,0,order_1_min,,,skill_dmg~1~2.12~0~0~2,
3142131,1,0,order_1_min,,,skill_dmg~1~2.33~0~0~2,
3142112,1,1,hpRatio_1_min,,,skill_dmg~2~-1.55~0~0~2,
3142122,1,1,hpRatio_1_min,,,skill_dmg~2~-1.7~0~0~2,
3142132,1,1,hpRatio_1_min,,,skill_dmg~2~-1.86~0~0~2,
3142211,1,1,self_1,,,skill_extraBuff~1~1~3142211,
3142221,1,1,self_1,,,skill_extraBuff~1~1~3142221,
3142231,1,1,self_1,,,skill_extraBuff~1~1~3142231,
3142411,1,1,self_1,,,skill_extraBuff~1~1~3142411,
3142421,1,1,self_1,,,skill_extraBuff~1~1~3142421,
3142431,1,1,self_1,,,skill_extraBuff~1~1~3142431,
3164011,1,0,order_1_min,,,skill_dmg~1~1~0~0~2,sp_bt_critical_2
3164111,1,0,front_4_1,,,skill_dmg~1~0.83~0~0~2,sp_006_skill_hit
3164112,1,1,random_2,,,skill_extraBuff~1~1~3164112,
3167011,1,0,order_1_min,,,skill_dmg~1~1~0~0~2,sp_bt_critical_2
3167111,1,0,random_3,,,skill_dmg~1~0.67~0~0~2,
3167112,1,1,self_1,,,skill_extraBuff~1~1~3167112,
3169011,1,0,order_1_min,,,skill_dmg~1~1~0~0~2,sp_bt_critical_2
3169111,1,0,random_3,,,skill_dmg~1~0.67~0~0~2,
3169112,1,1,order_6_min,,,skill_extraBuff~1~1~3169112,
3169211,1,1,self_1,,,skill_extraBuff~1~1~3169211,
3170011,1,0,order_1_min,,,skill_dmg~1~1~0~0~2,sp_bt_critical_2
3170111,1,0,back_2_1,,,skill_dmg~1~1.01~0~0~2,sp_006_skill_hit
3170112,1,0,job_2_2,inherit_all,,skill_dmg~1~0~2~0.06~2,
3170211,1,1,self_1,,,skill_extraBuff~1~1~3170211,
3171011,1,0,order_1_min,,,skill_dmg~1~1~0~0~2,sp_bt_critical_2
3171111,1,0,front_4_1,,,skill_dmg~1~1.26~0~0~2,sp_sk_hit_yellowhit
3171211,1,1,self_1,,,skill_extraBuff~1~1~3171211,
3175011,1,0,order_1_min,,,skill_dmg~1~1~0~0~2,sp_bt_critical_2
3175111,1,0,random_3,,,skill_dmg~1~1.14~0~0~2,
3175121,1,0,random_3,,,skill_dmg~1~1.25~0~0~2,
3175131,1,0,random_3,,,skill_dmg~1~1.37~0~0~2,
3175141,1,0,random_3,,,skill_dmg~1~1.52~0~0~2,
3175112,1,1,self_1,,,skill_dmg~2~0~4~-1.01~2,
3175122,1,1,self_1,,,skill_dmg~2~0~4~-1.11~2,
3175132,1,1,self_1,,,skill_dmg~2~0~4~-1.22~2,
3175142,1,1,self_1,,,skill_dmg~2~0~4~-1.35~2,
3175113,1,1,order_6_min,,,skill_extraBuff~1~1~3175113,
3175123,1,1,order_6_min,,,skill_extraBuff~1~1~3175123,
3175133,1,1,order_6_min,,,skill_extraBuff~1~1~3175133,
3175143,1,1,order_6_min,,,skill_extraBuff~1~1~3175143,
3175114,1,1,elem_6_5,,,skill_extraBuff~1~1~3175114,
3175124,1,1,elem_6_5,,,skill_extraBuff~1~1~3175124,
3175134,1,1,elem_6_5,,,skill_extraBuff~1~1~3175134,
3175144,1,1,elem_6_5,,,skill_extraBuff~1~1~3175144,
3175211,1,1,self_1,,,skill_extraBuff~1~1~3175211,
3175221,1,1,self_1,,,skill_extraBuff~1~1~3175221,
3175231,1,1,self_1,,,skill_extraBuff~1~1~3175231,
3175241,1,1,self_1,,,skill_extraBuff~1~1~3175241,
3175212,1,1,self_1,,,skill_extraBuff~1~1~3175212,
3175222,1,1,self_1,,,skill_extraBuff~1~1~3175222,
3175232,1,1,self_1,,,skill_extraBuff~1~1~3175232,
3175242,1,1,self_1,,,skill_extraBuff~1~1~3175242,
3175411,1,1,order_6_min,,,skill_extraBuff~1~1~3175411,
3175421,1,1,order_6_min,,,skill_extraBuff~1~1~3175421,
3175431,1,1,order_6_min,,,skill_extraBuff~1~1~3175431,
3175441,1,1,order_6_min,,,skill_extraBuff~1~1~3175441,
3175412,1,1,elem_6_5,,,skill_extraBuff~1~1~3175412,
3175422,1,1,elem_6_5,,,skill_extraBuff~1~1~3175422,
3175432,1,1,elem_6_5,,,skill_extraBuff~1~1~3175432,
3175442,1,1,elem_6_5,,,skill_extraBuff~1~1~3175442,
3175511,1,1,self_1,,,skill_extraBuff~1~1~3175511,
3177011,1,0,order_1_min,,,skill_dmg~1~1~0~0~2,sp_bt_critical_2
3177111,1,0,back_2_1,,,skill_dmg~1~1.06~0~0~2,
3177121,1,0,back_2_1,,,skill_dmg~1~1.16~0~0~2,
3177131,1,0,back_2_1,,,skill_dmg~1~1.28~0~0~2,
3177112,1,0,order_2_min,inherit_all,,skill_extraBuff~1~1~3177112,
3177122,1,0,order_2_min,inherit_all,,skill_extraBuff~1~1~3177122,
3177132,1,0,order_2_min,inherit_all,,skill_extraBuff~1~1~3177132,
3177211,1,1,self_1,,,skill_extraBuff~1~1~3177211,
3177221,1,1,self_1,,,skill_extraBuff~1~1~3177221,
3177231,1,1,self_1,,,skill_extraBuff~1~1~3177231,
3177411,1,1,self_1,,,skill_extraBuff~1~1~3177411,
3177421,1,1,self_1,,,skill_extraBuff~1~1~3177421,
3177431,1,1,self_1,,,skill_extraBuff~1~1~3177431,
3178011,1,0,order_1_min,,,skill_dmg~1~1~0~0~2,sp_bt_critical_2
3178111,1,0,back_4_1,,,skill_dmg~1~0.91~0~0~2,sp_178_skill_hit
3178121,1,0,back_4_1,,,skill_dmg~1~0.99~0~0~2,sp_178_skill_hit
3178131,1,0,back_4_1,,,skill_dmg~1~1.09~0~0~2,sp_178_skill_hit
3178141,1,0,back_4_1,,,skill_dmg~1~1.21~0~0~2,sp_178_skill_hit
3178112,1,0,order_4_min,inherit_all,,skill_extraBuff~0.25~1~1001,
3178122,1,0,order_4_min,inherit_all,,skill_extraBuff~0.25~1~1001,
3178132,1,0,order_4_min,inherit_all,,skill_extraBuff~0.25~1~1001,
3178142,1,0,order_4_min,inherit_all,,skill_extraBuff~0.25~1~1001,
3178211,1,1,self_1,,,skill_extraBuff~1~1~3178211,
3178221,1,1,self_1,,,skill_extraBuff~1~1~3178221,
3178231,1,1,self_1,,,skill_extraBuff~1~1~3178231,
3178241,1,1,self_1,,,skill_extraBuff~1~1~3178241,
3178411,1,1,self_1,,,skill_extraBuff~1~1~3178411,
3178421,1,1,self_1,,,skill_extraBuff~1~1~3178421,
3178431,1,1,self_1,,,skill_extraBuff~1~1~3178431,
3178441,1,1,self_1,,,skill_extraBuff~1~1~3178441,
3178511,1,1,self_1,,,skill_extraBuff~1~1~3178511,
3179011,1,0,order_1_min,,,skill_dmg~1~1~0~0~2,sp_bt_critical_2
3179111,1,0,attr_3_min_12,,,skill_dmg~1~0.85~0~0~2,
3179121,1,0,attr_3_min_12,,,skill_dmg~1~0.93~0~0~2,
3179131,1,0,attr_3_min_12,,,skill_dmg~1~1.02~0~0~2,
3179141,1,0,attr_3_min_12,,,skill_dmg~1~1.14~0~0~2,
3179112,1,0,order_3_min,inherit_all,,skill_extraBuff~1~1~3179112,
3179122,1,0,order_3_min,inherit_all,,skill_extraBuff~1~1~3179122,
3179132,1,0,order_3_min,inherit_all,,skill_extraBuff~1~1~3179132,
3179142,1,0,order_3_min,inherit_all,,skill_extraBuff~1~1~3179142,
3179113,1,1,self_1,,,skill_extraBuff~1~1~3179113,
3179123,1,1,self_1,,,skill_extraBuff~1~1~3179123,
3179133,1,1,self_1,,,skill_extraBuff~1~1~3179133,
3179143,1,1,self_1,,,skill_extraBuff~1~1~3179143,
3180011,1,0,order_1_min,,,skill_dmg~1~1~0~0~2,sp_bt_critical_2
3180022,1,1,self_1,,,skill_dmg~2~0~4~-1.01~2,
3180032,1,1,self_1,,,skill_dmg~2~0~4~-1.11~2,
3180042,1,1,self_1,,,skill_dmg~2~0~4~-1.22~2,
3180111,1,0,random_3,,,skill_dmg~1~0.97~0~0~2,
3180121,1,0,random_3,,,skill_dmg~1~1.06~0~0~2,
3180131,1,0,random_3,,,skill_dmg~1~1.16~0~0~2,
3180112,1,1,order_6_min,,,skill_dmg~2~0~4~-0.37~2,
3180122,1,1,order_6_min,,,skill_dmg~2~0~4~-0.41~2,
3180132,1,1,order_6_min,,,skill_dmg~2~0~4~-0.45~2,
3180113,1,1,self_1,,,skill_energy~0.15~50,
3180123,1,1,self_1,,,skill_energy~0.2~50,
3180133,1,1,self_1,,,skill_energy~0.3~50,
3180211,1,1,self_1,,,skill_replace~normal~318002,
3180221,1,1,self_1,,,skill_replace~normal~318003,
3180231,1,1,self_1,,,skill_replace~normal~318004,
3180411,1,1,self_1,,,skill_extraBuff~1~1~3180411,
3180421,1,1,self_1,,,skill_extraBuff~1~1~3180421,
3180431,1,1,self_1,,,skill_extraBuff~1~1~3180431,
3181011,1,0,order_1_min,,,skill_dmg~1~1~0~0~2,sp_bt_critical_2
3181111,1,0,order_1_min,,,skill_dmg~1~1.28~0~0~2,
3181121,1,0,order_1_min,,,skill_dmg~1~1.4~0~0~2,
3181131,1,0,order_1_min,,,skill_dmg~1~1.54~0~0~2,
3181141,1,0,order_1_min,,,skill_dmg~1~1.71~0~0~2,
3181112,1,1,hpRatio_3_min,,,skill_dmg~2~-0.78~2~-0.1~2,
3181122,1,1,hpRatio_3_min,,,skill_dmg~2~-0.85~2~-0.15~2,
3181132,1,1,hpRatio_3_min,,,skill_dmg~2~-0.93~2~-0.2~2,
3181142,1,1,hpRatio_3_min,,,skill_dmg~2~-1.04~2~-0.25~2,
3181113,1,1,hero_1_30340,,,skill_dmg~2~0~2~-0.2~2,
3181123,1,1,hero_1_30340,,,skill_dmg~2~0~2~-0.25~2,
3181133,1,1,hero_1_30340,,,skill_dmg~2~0~2~-0.3~2,
3181143,1,1,hero_1_30340,,,skill_dmg~2~0~2~-0.4~2,
3181114,1,1,order_1_min,inherit_all,,skill_extraBuff~1~1~3181114,
3181124,1,1,order_1_min,inherit_all,,skill_extraBuff~1~1~3181124,
3181134,1,1,order_1_min,inherit_all,,skill_extraBuff~1~1~3181134,
3181144,1,1,order_1_min,inherit_all,,skill_extraBuff~1~1~3181144,
3206011,1,0,order_1_min,,,skill_dmg~1~1~0~0~2,sp_bt_critical_2
3206111,1,0,back_3_1,,,skill_dmg~1~1.01~0~0~2,sp_178_skill_hit
3207011,1,0,order_1_min,,,skill_dmg~1~1~0~0~2,sp_bt_critical_2
3207111,1,0,random_2,,,skill_dmg~1~0.95~0~0~2,sp_sk_hit_tomb
3207112,1,1,front_4_1,,,skill_dmg~2~-0.76~0~0~2,
3208011,1,0,order_1_min,,,skill_dmg~1~1~0~0~2,sp_bt_critical_2
3208111,1,0,back_2_1,,,skill_dmg~1~0.83~0~0~2,sp_sk_hit_ghostcrack
3208112,1,1,back_4_1,,,skill_extraBuff~1~1~3208112,
3208211,1,1,self_1,,,skill_extraBuff~1~1~3208211,
3209011,1,0,order_1_min,,,skill_dmg~1~1~0~0~2,sp_bt_critical_2
3209111,1,0,back_3_1,,,skill_dmg~1~0.71~0~0~2,
3209151,1,0,random_1,inherit_all,,skill_extraBuff~1~1~3209151,
3209112,1,0,order_3_min,inherit_all,,skill_extraBuff~1~1~3209112,
3209211,1,1,self_1,,,skill_replace~special~320915,
3213011,1,0,order_1_min,,,skill_dmg~1~1~0~0~2,sp_bt_critical_2
3213111,1,0,back_3_1,,,skill_dmg~1~0.67~0~0~2,sp_213_skill_hit
3213112,1,0,order_3_min,inherit_all,,skill_extraBuff~1~1~3213112,
3213211,1,1,self_1,,,skill_energy~1~10,
3214011,1,0,order_1_min,,,skill_dmg~1~1~0~0~2,sp_bt_critical_2
3214111,1,0,front_4_1,,,skill_dmg~1~1.25~0~0~2,
3214121,1,0,front_4_1,,,skill_dmg~1~1.37~0~0~2,
3214131,1,0,front_4_1,,,skill_dmg~1~1.5~0~0~2,
3214141,1,0,front_4_1,,,skill_dmg~1~1.67~0~0~2,
3214112,1,1,self_1,,,skill_extraBuff~1~1~3214112,
3214122,1,1,self_1,,,skill_extraBuff~1~1~3214122,
3214132,1,1,self_1,,,skill_extraBuff~1~1~3214132,
3214142,1,1,self_1,,,skill_extraBuff~1~1~3214142,
3214113,1,1,self_1,,buffType_self_10,skill_extraBuff~1~1~3214113,
3214123,1,1,self_1,,buffType_self_10,skill_extraBuff~1~1~3214123,
3214133,1,1,self_1,,buffType_self_10,skill_extraBuff~1~1~3214133,
3214143,1,1,self_1,,buffType_self_10,skill_extraBuff~1~1~3214143,
3214114,1,1,self_1,,buffType_self_20,skill_extraBuff~1~1~3214114,
3214124,1,1,self_1,,buffType_self_20,skill_extraBuff~1~1~3214124,
3214134,1,1,self_1,,buffType_self_20,skill_extraBuff~1~1~3214134,
3214144,1,1,self_1,,buffType_self_20,skill_extraBuff~1~1~3214144,
3214211,1,1,self_1,,,skill_extraBuff~1~1~3214211,
3214221,1,1,self_1,,,skill_extraBuff~1~1~3214221,
3214231,1,1,self_1,,,skill_extraBuff~1~1~3214231,
3214241,1,1,self_1,,,skill_extraBuff~1~1~3214241,
3214411,1,1,self_1,,,skill_extraBuff~1~1~3214411,
3214421,1,1,self_1,,,skill_extraBuff~1~1~3214421,
3214431,1,1,self_1,,,skill_extraBuff~1~1~3214431,
3214441,1,1,self_1,,,skill_extraBuff~1~1~3214441,
3214511,1,1,self_1,,,skill_extraBuff~1~1~3214511,
3214512,1,1,self_1,,,skill_extraBuff~1~1~3214512,
3214513,1,1,self_1,,,skill_extraBuff~1~1~3214513,
3215011,1,0,order_1_min,,,skill_dmg~1~1~0~0~2,sp_bt_critical_2
3215111,1,0,back_4_1,,,skill_dmg~1~0.87~0~0~2,sp_sk_swordup
3215121,1,0,back_4_1,,,skill_dmg~1~0.95~0~0~2,sp_sk_swordup
3215131,1,0,back_4_1,,,skill_dmg~1~1.04~0~0~2,sp_sk_swordup
3215141,1,0,back_4_1,,,skill_dmg~1~1.16~0~0~2,sp_sk_swordup
3215112,1,0,order_3_min,inherit_all,,skill_extraBuff~1~1~3215112,
3215122,1,0,order_3_min,inherit_all,,skill_extraBuff~1~1~3215122,
3215132,1,0,order_3_min,inherit_all,,skill_extraBuff~1~1~3215132,
3215142,1,0,order_3_min,inherit_all,,skill_extraBuff~1~1~3215142,
3217011,1,0,order_1_min,,,skill_dmg~1~1~0~0~2,sp_bt_critical_2
3217111,1,0,random_3,,,skill_dmg~1~0.85~0~0~2,
3217121,1,0,random_3,,,skill_dmg~1~0.93~0~0~2,
3217131,1,0,random_3,,,skill_dmg~1~1.02~0~0~2,
3217112,1,0,random_3,,,skill_extraBuff~1~1~3217112,
3217122,1,0,random_3,,,skill_extraBuff~1~1~3217122,
3217132,1,0,random_3,,,skill_extraBuff~1~1~3217132,
3217211,1,1,self_1,,,skill_extraBuff~1~1~3217211,
3217221,1,1,self_1,,,skill_extraBuff~1~1~3217221,
3217231,1,1,self_1,,,skill_extraBuff~1~1~3217231,
3217411,1,1,self_1,,,skill_extraBuff~1~1~3217411,
3217421,1,1,self_1,,,skill_extraBuff~1~1~3217421,
3217431,1,1,self_1,,,skill_extraBuff~1~1~3217431,
3219011,1,0,order_1_min,,,skill_dmg~1~1~0~0~2,sp_bt_critical_2
3219111,1,0,random_4,,,skill_dmg~1~0.74~0~0~2,
3219121,1,0,random_4,,,skill_dmg~1~0.81~0~0~2,
3219131,1,0,random_4,,,skill_dmg~1~0.89~0~0~2,
3219112,1,1,order_6_min,,,skill_extraBuff~1~1~3219112,
3219211,1,1,self_1,,,skill_extraBuff~1~1~3219211,
3219221,1,1,self_1,,,skill_extraBuff~1~1~3219221,
3219231,1,1,self_1,,,skill_extraBuff~1~1~3219231,
3219411,1,1,self_1,,,skill_extraBuff~1~1~3219411,
3219421,1,1,self_1,,,skill_extraBuff~1~1~3219421,
3219431,1,1,self_1,,,skill_extraBuff~1~1~3219431,
3220011,1,0,order_1_min,,,skill_dmg~1~1~0~0~2,sp_bt_critical_2
3220111,1,0,back_4_1,,,skill_dmg~1~0.9~0~0~2,
3220121,1,0,back_4_1,,,skill_dmg~1~0.98~0~0~2,
3220131,1,0,back_4_1,,,skill_dmg~1~1.08~0~0~2,
3220112,1,1,back_4_1,,,skill_dmg~2~0~4~-0.44~2,
3220122,1,1,back_4_1,,,skill_dmg~2~0~4~-0.48~2,
3220132,1,1,back_4_1,,,skill_dmg~2~0~4~-0.53~2,
3220113,1,1,back_4_1,,,skill_extraBuff~1~1~3220113,
3220123,1,1,back_4_1,,,skill_extraBuff~1~1~3220123,
3220133,1,1,back_4_1,,,skill_extraBuff~1~1~3220133,
3220143,1,1,back_4_1,,,skill_extraBuff~1~1~3220143,
3220153,1,1,back_4_1,,,skill_extraBuff~1~1~3220153,
3220163,1,1,back_4_1,,,skill_extraBuff~1~1~3220163,
3220211,1,1,self_1,,,skill_replace~special~322014,
3220221,1,1,self_1,,,skill_replace~special~322015,
3220231,1,1,self_1,,,skill_replace~special~322016,
3220411,1,1,self_1,,,skill_extraBuff~1~1~3220411,
3220421,1,1,self_1,,,skill_extraBuff~1~1~3220421,
3220431,1,1,self_1,,,skill_extraBuff~1~1~3220431,
3220412,1,1,self_1,,,skill_extraBuff~1~1~3220412,
3220422,1,1,self_1,,,skill_extraBuff~1~1~3220422,
3220432,1,1,self_1,,,skill_extraBuff~1~1~3220432,
3235011,1,0,order_1_min,,,skill_dmg~1~1~0~0~2,sp_bt_critical_2
3235111,1,0,back_2_1,,,skill_dmg~1~1.43~0~0~2,
3235121,1,0,back_2_1,,,skill_dmg~1~1.56~0~0~2,
3235131,1,0,back_2_1,,,skill_dmg~1~1.71~0~0~2,
3235141,1,0,back_2_1,,,skill_dmg~1~1.9~0~0~2,
3235112,1,0,order_2_min,inherit_all,,skill_extraBuff~0.55~1~3235112,
3235122,1,0,order_2_min,inherit_all,,skill_extraBuff~0.55~1~3235122,
3235132,1,0,order_2_min,inherit_all,,skill_extraBuff~0.55~1~3235132,
3235142,1,0,order_2_min,inherit_all,,skill_extraBuff~0.55~1~3235142,
3235113,1,1,self_1,,,skill_extraBuff~1~1~3235113,
3235123,1,1,self_1,,,skill_extraBuff~1~1~3235123,
3235133,1,1,self_1,,,skill_extraBuff~1~1~3235133,
3235143,1,1,self_1,,,skill_extraBuff~1~1~3235143,
3235211,1,1,self_1,,,skill_extraBuff~1~1~3235211,
3235221,1,1,self_1,,,skill_extraBuff~1~1~3235221,
3235231,1,1,self_1,,,skill_extraBuff~1~1~3235231,
3235241,1,1,self_1,,,skill_extraBuff~1~1~3235241,
3235212,1,1,self_1,,,skill_extraBuff~1~1~3235212,
3235222,1,1,self_1,,,skill_extraBuff~1~1~3235222,
3235232,1,1,self_1,,,skill_extraBuff~1~1~3235232,
3235242,1,1,self_1,,,skill_extraBuff~1~1~3235242,
3235411,1,1,self_1,,,skill_extraBuff~1~1~3235411,
3235421,1,1,self_1,,,skill_extraBuff~1~1~3235421,
3235431,1,1,self_1,,,skill_extraBuff~1~1~3235431,
3235441,1,1,self_1,,,skill_extraBuff~1~1~3235441,
3235412,1,1,self_1,,,skill_extraBuff~1~1~3235412,
3235422,1,1,self_1,,,skill_extraBuff~1~1~3235422,
3235432,1,1,self_1,,,skill_extraBuff~1~1~3235432,
3235442,1,1,self_1,,,skill_extraBuff~1~1~3235442,
3235413,1,1,self_1,,,skill_extraBuff~1~1~3235413,
3235423,1,1,self_1,,,skill_extraBuff~1~1~3235423,
3235433,1,1,self_1,,,skill_extraBuff~1~1~3235433,
3235443,1,1,self_1,,,skill_extraBuff~1~1~3235443,
3235511,1,1,self_1,,,skill_extraBuff~1~1~3235511,
3236011,1,0,order_1_min,,,skill_dmg~1~1~0~0~2,sp_bt_critical_2
3236021,1,0,mixFirst|buffType_1_207|order_1_min,,,skill_dmg~1~1~0~0~2,
3236111,1,0,random_3,,,skill_dmg~1~0.93~0~0~2,sp_sk_hit_icebeer
3236121,1,0,random_3,,,skill_dmg~1~1.01~0~0~2,sp_sk_hit_icebeer
3236131,1,0,random_3,,,skill_dmg~1~1.11~0~0~2,sp_sk_hit_icebeer
3236141,1,0,random_3,,,skill_dmg~1~1.24~0~0~2,sp_sk_hit_icebeer
3236112,1,0,order_3_min,inherit_all,,skill_extraBuff~0.35~1~1041,
3236122,1,0,order_3_min,inherit_all,,skill_extraBuff~0.35~1~1041,
3236132,1,0,order_3_min,inherit_all,,skill_extraBuff~0.35~1~1041,
3236142,1,0,order_3_min,inherit_all,,skill_extraBuff~0.35~1~1041,
3236113,1,1,self_1,,,skill_extraBuff~1~1~3236113,
3236123,1,1,self_1,,,skill_extraBuff~1~1~3236123,
3236133,1,1,self_1,,,skill_extraBuff~1~1~3236133,
3236143,1,1,self_1,,,skill_extraBuff~1~1~3236143,
3236211,1,1,self_1,,,skill_extraBuff~1~1~3236211,
3236221,1,1,self_1,,,skill_extraBuff~1~1~3236221,
3236231,1,1,self_1,,,skill_extraBuff~1~1~3236231,
3236241,1,1,self_1,,,skill_extraBuff~1~1~3236241,
3236212,1,1,self_1,,,skill_extraBuff~1~1~3236212,
3236222,1,1,self_1,,,skill_extraBuff~1~1~3236222,
3236232,1,1,self_1,,,skill_extraBuff~1~1~3236232,
3236242,1,1,self_1,,,skill_extraBuff~1~1~3236242,
3236411,1,1,self_1,,,skill_extraBuff~1~1~3236411,
3236421,1,1,self_1,,,skill_extraBuff~1~1~3236421,
3236431,1,1,self_1,,,skill_extraBuff~1~1~3236431,
3236441,1,1,self_1,,,skill_extraBuff~1~1~3236441,
3236412,1,1,self_1,,,skill_extraBuff~1~1~3236412,
3236422,1,1,self_1,,,skill_extraBuff~1~1~3236422,
3236432,1,1,self_1,,,skill_extraBuff~1~1~3236432,
3236442,1,1,self_1,,,skill_extraBuff~1~1~3236442,
3236511,1,1,self_1,,,skill_replace~normal~323602,
3236512,1,1,self_1,,,skill_extraBuff~1~1~3236512,
3260011,1,0,order_1_min,,,skill_dmg~1~1~0~0~2,sp_bt_critical_2
3260111,1,0,order_1_min,,,skill_dmg~1~2.11~0~0~2,sp_178_skill_hit
3260121,1,0,order_1_min,,,skill_dmg~1~2.31~0~0~2,sp_178_skill_hit
3260131,1,0,order_1_min,,,skill_dmg~1~2.53~0~0~2,sp_178_skill_hit
3260141,1,0,order_1_min,,,skill_dmg~1~2.81~0~0~2,sp_178_skill_hit
3260112,1,1,front_4_1,,,skill_dmg~2~-0.79~0~0~2,
3260122,1,1,front_4_1,,,skill_dmg~2~-0.86~0~0~2,
3260132,1,1,front_4_1,,,skill_dmg~2~-0.95~0~0~2,
3260142,1,1,front_4_1,,,skill_dmg~2~-1.05~0~0~2,
3260113,0.45,1,job_4_2_5,inherit_all,,skill_dmg~2~-1.05~0~0~2,
3260123,0.45,1,job_4_2_5,inherit_all,,skill_dmg~2~-1.15~0~0~2,
3260133,0.45,1,job_4_2_5,inherit_all,,skill_dmg~2~-1.26~0~0~2,
3260143,0.45,1,job_4_2_5,inherit_all,,skill_dmg~2~-1.4~0~0~2,
3260211,1,1,self_1,,,skill_extraBuff~1~1~3260211,
3260221,1,1,self_1,,,skill_extraBuff~1~1~3260221,
3260231,1,1,self_1,,,skill_extraBuff~1~1~3260231,
3260241,1,1,self_1,,,skill_extraBuff~1~1~3260241,
3260212,1,1,self_1,,,skill_extraBuff~1~1~3260212,
3260222,1,1,self_1,,,skill_extraBuff~1~1~3260222,
3260232,1,1,self_1,,,skill_extraBuff~1~1~3260232,
3260242,1,1,self_1,,,skill_extraBuff~1~1~3260242,
3260411,1,1,job_6_2_4,,,skill_extraBuff~1~1~3260411,
3260421,1,1,job_6_2_4,,,skill_extraBuff~1~1~3260421,
3260431,1,1,job_6_2_4,,,skill_extraBuff~1~1~3260431,
3260441,1,1,job_6_2_4,,,skill_extraBuff~1~1~3260441,
3260511,1,1,self_1,,,skill_extraBuff~1~1~3260511,
3260512,1,1,self_1,,,skill_extraBuff~1~1~3260512,
3300011,1,0,order_1_min,,,skill_dmg~1~1~0~0~2,sp_bt_critical_2
3300111,1,0,order_6_min,,,skill_dmg~1~0.57~0~0~2,
3300121,1,0,order_6_min,,,skill_dmg~1~0.62~0~0~2,
3300131,1,0,order_6_min,,,skill_dmg~1~0.68~0~0~2,
3300141,1,0,order_6_min,,,skill_dmg~1~0.76~0~0~2,
3300112,1,0,order_6_min,inherit_all,,skill_extraBuff~1~1~3300112,
3300122,1,0,order_6_min,inherit_all,,skill_extraBuff~1~1~3300122,
3300132,1,0,order_6_min,inherit_all,,skill_extraBuff~1~1~3300132,
3300142,1,0,order_6_min,inherit_all,,skill_extraBuff~1~1~3300142,
3300113,1,0,job_6_2_4,inherit_all,,skill_dmg~2~0~4~0.63~2,
3300123,1,0,job_6_2_4,inherit_all,,skill_dmg~2~0~4~0.69~2,
3300133,1,0,job_6_2_4,inherit_all,,skill_dmg~2~0~4~0.76~2,
3300143,1,0,job_6_2_4,inherit_all,,skill_dmg~2~0~4~0.84~2,
3300211,1,1,self_1,,,skill_extraBuff~1~1~3300211,
3300221,1,1,self_1,,,skill_extraBuff~1~1~3300221,
3300231,1,1,self_1,,,skill_extraBuff~1~1~3300231,
3300241,1,1,self_1,,,skill_extraBuff~1~1~3300241,
3300212,1,1,self_1,,,skill_extraBuff~1~1~3300212,
3300222,1,1,self_1,,,skill_extraBuff~1~1~3300222,
3300232,1,1,self_1,,,skill_extraBuff~1~1~3300232,
3300242,1,1,self_1,,,skill_extraBuff~1~1~3300242,
3300411,1,1,self_1,,,skill_extraBuff~1~1~3300411,
3300421,1,1,self_1,,,skill_extraBuff~1~1~3300421,
3300431,1,1,self_1,,,skill_extraBuff~1~1~3300431,
3300441,1,1,self_1,,,skill_extraBuff~1~1~3300441,
3300412,1,1,self_1,,,skill_extraBuff~1~1~3300412,
3300422,1,1,self_1,,,skill_extraBuff~1~1~3300422,
3300432,1,1,self_1,,,skill_extraBuff~1~1~3300432,
3300442,1,1,self_1,,,skill_extraBuff~1~1~3300442,
3300511,1,1,self_1,,,skill_extraBuff~1~1~3300511,
3300512,1,1,self_1,,,skill_extraBuff~1~1~3300512,
3301011,1,0,order_1_min,,,skill_dmg~1~1~0~0~2,sp_bt_critical_2
3301111,1,0,attr_2_max_20,,,skill_dmg~1~1.29~0~0~2,
3301121,1,0,attr_2_max_20,,,skill_dmg~1~1.41~0~0~2,
3301131,1,0,attr_2_max_20,,,skill_dmg~1~1.55~0~0~2,
3301112,1,0,order_2_min,inherit_all,,skill_extraBuff~1~1~3301112,
3301122,1,0,order_2_min,inherit_all,,skill_extraBuff~1~1~3301122,
3301132,1,0,order_2_min,inherit_all,,skill_extraBuff~1~1~3301132,
3301113,1,0,order_2_min,inherit_all,,skill_dotExecute,
3301123,1,0,order_2_min,inherit_all,,skill_dotExecute,
3301133,1,0,order_2_min,inherit_all,,skill_dotExecute,
3301211,1,1,self_1,,,skill_extraBuff~1~1~3301211,
3301221,1,1,self_1,,,skill_extraBuff~1~1~3301221,
3301231,1,1,self_1,,,skill_extraBuff~1~1~3301231,
3301411,1,1,self_1,,,skill_extraBuff~1~1~3301411,
3301421,1,1,self_1,,,skill_extraBuff~1~1~3301421,
3301431,1,1,self_1,,,skill_extraBuff~1~1~3301431,
3319011,1,0,order_1_min,,,skill_dmg~1~1~0~0~2,sp_bt_critical_2
3319111,1,0,attr_1_max_10,,,skill_dmg~1~3.04~0~0~2,sp_224_skill_hit
3319121,1,0,attr_1_max_10,,,skill_dmg~1~3.32~0~0~2,sp_224_skill_hit
3319131,1,0,attr_1_max_10,,,skill_dmg~1~3.65~0~0~2,sp_224_skill_hit
3319141,1,0,attr_1_max_10,,,skill_dmg~1~4.05~0~0~2,sp_224_skill_hit
3319112,1,0,order_2_min,inherit_all,,skill_extraBuff~1~1~3319112,
3319122,1,0,order_2_min,inherit_all,,skill_extraBuff~1~1~3319122,
3319132,1,0,order_2_min,inherit_all,,skill_extraBuff~1~1~3319132,
3319142,1,0,order_2_min,inherit_all,,skill_extraBuff~1~1~3319142,
3319211,1,1,self_1,,,skill_extraBuff~1~1~3319211,
3319221,1,1,self_1,,,skill_extraBuff~1~1~3319221,
3319231,1,1,self_1,,,skill_extraBuff~1~1~3319231,
3319241,1,1,self_1,,,skill_extraBuff~1~1~3319241,
3319411,1,1,self_1,,,skill_extraBuff~1~1~3319411,
3319421,1,1,self_1,,,skill_extraBuff~1~1~3319421,
3319431,1,1,self_1,,,skill_extraBuff~1~1~3319431,
3319441,1,1,self_1,,,skill_extraBuff~1~1~3319441,
3319511,1,1,self_1,,,skill_extraBuff~1~1~3319511,
3320011,1,0,order_1_min,,,skill_dmg~1~1~0~0~2,sp_bt_critical_2
3320111,1,0,back_4_1,,,skill_dmg~1~0.87~0~0~2,sp_hit_purification
3320121,1,0,back_4_1,,,skill_dmg~1~0.95~0~0~2,sp_hit_purification
3320131,1,0,back_4_1,,,skill_dmg~1~1.04~0~0~2,sp_hit_purification
3320141,1,0,back_4_1,,,skill_dmg~1~1.16~0~0~2,sp_hit_purification
3320112,1,0,random_2,inherit_all,,skill_extraBuff~1~2~3319112~1301,
3320122,1,0,random_2,inherit_all,,skill_extraBuff~1~2~3319122~1301,
3320132,1,0,random_2,inherit_all,,skill_extraBuff~1~2~3319132~1301,
3320142,1,0,random_2,inherit_all,,skill_extraBuff~1~2~3319142~1301,
3321011,1,0,order_1_min,,,skill_dmg~1~1~0~0~2,sp_bt_critical_2
3321021,1,0,mixFirst|back_1_0|order_1_min,,,skill_dmg~1~1~0~0~2,
3321022,1,0,order_1_min,inherit_all,,skill_extraBuff~1~1~1020,
3321111,1,0,mixOr|front_1_0|back_1_0,,,skill_dmg~1~1.39~0~0~2,
3321121,1,0,mixOr|front_1_0|back_1_0,,,skill_dmg~1~1.52~0~0~2,
3321131,1,0,mixOr|front_1_0|back_1_0,,,skill_dmg~1~1.67~0~0~2,
3321141,1,0,mixOr|front_1_0|back_1_0,,,skill_dmg~1~1.85~0~0~2,
3321112,1,0,job_2_2_4,inherit_all,,skill_extraBuff~1~1~3321112,
3321122,1,0,job_2_2_4,inherit_all,,skill_extraBuff~1~1~3321122,
3321132,1,0,job_2_2_4,inherit_all,,skill_extraBuff~1~1~3321132,
3321142,1,0,job_2_2_4,inherit_all,,skill_extraBuff~1~1~3321142,
3321211,1,1,self_1,,,skill_extraBuff~1~1~3321211,
3321221,1,1,self_1,,,skill_extraBuff~1~1~3321221,
3321231,1,1,self_1,,,skill_extraBuff~1~1~3321231,
3321241,1,1,self_1,,,skill_extraBuff~1~1~3321241,
3321411,1,1,self_1,,,skill_extraBuff~1~1~3321411,
3321421,1,1,self_1,,,skill_extraBuff~1~1~3321421,
3321431,1,1,self_1,,,skill_extraBuff~1~1~3321431,
3321441,1,1,self_1,,,skill_extraBuff~1~1~3321441,
3321412,1,1,self_1,,,skill_extraBuff~1~1~3321412,
3321422,1,1,self_1,,,skill_extraBuff~1~1~3321422,
3321432,1,1,self_1,,,skill_extraBuff~1~1~3321432,
3321442,1,1,self_1,,,skill_extraBuff~1~1~3321442,
3321511,1,1,self_1,,,skill_replace~normal~332102,
3322011,1,0,order_1_min,,,skill_dmg~1~1~0~0~2,sp_bt_critical_2
3322111,1,0,attr_1_min_41,,,skill_dmg~1~1.86~0~0~2,
3322121,1,0,attr_1_min_41,,,skill_dmg~1~2.03~0~0~2,
3322131,1,0,attr_1_min_41,,,skill_dmg~1~2.23~0~0~2,
3322141,1,0,attr_1_min_41,,,skill_dmg~1~2.48~0~0~2,
3322112,1,1,self_1,,,skill_extraBuff~1~1~3322112,
3322122,1,1,self_1,,,skill_extraBuff~1~1~3322122,
3322132,1,1,self_1,,,skill_extraBuff~1~1~3322132,
3322142,1,1,self_1,,,skill_extraBuff~1~1~3322142,
3323011,1,0,order_1_min,,,skill_dmg~1~1~0~0~2,sp_bt_critical_2
3323111,1,0,order_1_min,,,skill_dmg~1~2.28~0~0~2,sp_sk_fly_red_elec_shot
3323121,1,0,order_1_min,,,skill_dmg~1~2.49~0~0~2,sp_sk_fly_red_elec_shot
3323131,1,0,order_1_min,,,skill_dmg~1~2.73~0~0~2,sp_sk_fly_red_elec_shot
3323141,1,0,order_1_min,,,skill_dmg~1~3.04~0~0~2,sp_sk_fly_red_elec_shot
3323151,1,1,order_2_min,inherit_all,,skill_dmg~2~-0.3~2~-0.23~2,
3323161,1,1,order_2_min,inherit_all,,skill_dmg~2~-0.33~2~-0.25~2,
3323171,1,1,order_2_min,inherit_all,,skill_dmg~2~-0.36~2~-0.27~2,
3323181,1,1,order_2_min,inherit_all,,skill_dmg~2~-0.41~2~-0.3~2,
3323112,1,1,mixOr|self_1|attr_1_max_10,,,skill_dispel~1~-1~2,
3323122,1,1,mixOr|self_1|attr_1_max_10,,,skill_dispel~1~-1~2,
3323132,1,1,mixOr|self_1|attr_1_max_10,,,skill_dispel~1~-1~2,
3323142,1,1,mixOr|self_1|attr_1_max_10,,,skill_dispel~1~-1~2,
3323152,1,1,order_2_min,inherit_all,,skill_extraBuff~1~1~3323152,
3323162,1,1,order_2_min,inherit_all,,skill_extraBuff~1~1~3323162,
3323172,1,1,order_2_min,inherit_all,,skill_extraBuff~1~1~3323172,
3323182,1,1,order_2_min,inherit_all,,skill_extraBuff~1~1~3323182,
3323113,1,1,order_2_min,inherit_all,,skill_extraBuff~1~1~1030,
3323123,1,1,order_2_min,inherit_all,,skill_extraBuff~1~1~1030,
3323133,1,1,order_2_min,inherit_all,,skill_extraBuff~1~1~1030,
3323143,1,1,order_2_min,inherit_all,,skill_extraBuff~1~1~1030,
3323211,1,1,mixOr|attr_1_max_14|attr_1_max_10,,,skill_extraBuff~1~1~3323211,
3323221,1,1,mixOr|attr_1_max_14|attr_1_max_10,,,skill_extraBuff~1~1~3323221,
3323231,1,1,mixOr|attr_1_max_14|attr_1_max_10,,,skill_extraBuff~1~1~3323231,
3323241,1,1,mixOr|attr_1_max_14|attr_1_max_10,,,skill_extraBuff~1~1~3323241,
3323411,1,1,self_1,,,skill_replace~special~332315,
3323421,1,1,self_1,,,skill_replace~special~332316,
3323431,1,1,self_1,,,skill_replace~special~332317,
3323441,1,1,self_1,,,skill_replace~special~332318,
3323511,1,1,self_1,,,skill_extraBuff~1~1~3323511,
3324011,1,0,order_1_min,,,skill_dmg~1~1~0~0~2,sp_bt_critical_2
3324111,1,0,random_2,,,skill_dmg~1~1.31~0~0~2,
3324121,1,0,random_2,,,skill_dmg~1~1.44~0~0~2,
3324131,1,0,random_2,,,skill_dmg~1~1.58~0~0~2,
3324141,1,0,random_2,,,skill_dmg~1~1.75~0~0~2,
3324112,1,0,attr_1_min_12,,,skill_dmg~1~0~4~0.9~2,
3324122,1,0,attr_1_min_12,,,skill_dmg~1~0~4~0.98~2,
3324132,1,0,attr_1_min_12,,,skill_dmg~1~0~4~1.08~2,
3324142,1,0,attr_1_min_12,,,skill_dmg~1~0~4~1.2~2,
3324113,1,1,self_1,,,skill_extraBuff~1~1~3324113,
3324123,1,1,self_1,,,skill_extraBuff~1~1~3324123,
3324133,1,1,self_1,,,skill_extraBuff~1~1~3324133,
3324143,1,1,self_1,,,skill_extraBuff~1~1~3324143,
3324211,1,1,self_1,,,skill_extraBuff~1~1~3324211,
3324221,1,1,self_1,,,skill_extraBuff~1~1~3324221,
3324231,1,1,self_1,,,skill_extraBuff~1~1~3324231,
3324241,1,1,self_1,,,skill_extraBuff~1~1~3324241,
3324212,1,1,self_1,,,skill_extraBuff~1~1~3324212,
3324222,1,1,self_1,,,skill_extraBuff~1~1~3324222,
3324232,1,1,self_1,,,skill_extraBuff~1~1~3324232,
3324242,1,1,self_1,,,skill_extraBuff~1~1~3324242,
3324411,1,1,self_1,,,skill_extraBuff~1~1~3324411,
3324421,1,1,self_1,,,skill_extraBuff~1~1~3324421,
3324431,1,1,self_1,,,skill_extraBuff~1~1~3324431,
3324441,1,1,self_1,,,skill_extraBuff~1~1~3324441,
3324412,1,1,self_1,,,skill_extraBuff~1~1~3324412,
3324422,1,1,self_1,,,skill_extraBuff~1~1~3324422,
3324432,1,1,self_1,,,skill_extraBuff~1~1~3324432,
3324442,1,1,self_1,,,skill_extraBuff~1~1~3324442,
3324511,1,0,attr_2_max_15,,,skill_extraBuff~1~1~3324511,
3325011,1,0,order_1_min,,,skill_dmg~1~1~0~0~2,sp_bt_critical_2
3325111,1,0,attr_1_max_15,,,skill_dmg~1~2.11~0~0~2,sp_178_skill_hit
3325121,1,0,attr_1_max_15,,,skill_dmg~1~2.31~0~0~2,sp_178_skill_hit
3325131,1,0,attr_1_max_15,,,skill_dmg~1~2.53~0~0~2,sp_178_skill_hit
3325141,1,0,attr_1_max_15,,,skill_dmg~1~2.81~0~0~2,sp_178_skill_hit
3325112,1,0,random_3,,killed_1,skill_dmg~3~0.7~0~0~2,
3325122,1,0,random_3,,killed_1,skill_dmg~3~0.77~0~0~2,
3325132,1,0,random_3,,killed_1,skill_dmg~3~0.84~0~0~2,
3325142,1,0,random_3,,killed_1,skill_dmg~3~0.94~0~0~2,
3340011,1,0,order_1_min,,,skill_dmg~1~1~0~0~2,sp_bt_critical_2
3340111,1,0,random_2,,,skill_dmg~1~0.72~0~0~2,
3340121,1,0,random_2,,,skill_dmg~1~0.79~0~0~2,
3340131,1,0,random_2,,,skill_dmg~1~0.87~0~0~2,
3340141,1,0,random_2,,,skill_dmg~1~0.96~0~0~2,
3340112,0.45,1,order_2_min,inherit_all,,skill_dmg~1~0~2~0.05~2,
3340122,0.45,1,order_2_min,inherit_all,,skill_dmg~1~0~2~0.08~2,
3340132,0.45,1,order_2_min,inherit_all,,skill_dmg~1~0~2~0.12~2,
3340142,0.45,1,order_2_min,inherit_all,,skill_dmg~1~0~2~0.15~2,
3340113,1,1,order_2_min,inherit_all,,skill_extraBuff~1~1~3340113,
3340123,1,1,order_2_min,inherit_all,,skill_extraBuff~1~1~3340123,
3340133,1,1,order_2_min,inherit_all,,skill_extraBuff~1~1~3340133,
3340143,1,1,order_2_min,inherit_all,,skill_extraBuff~1~1~3340143,
3341011,1,0,order_1_min,,,skill_dmg~1~1~0~0~2,sp_bt_critical_2
3341111,1,0,random_1,,,skill_dmg~1~2.39~0~0~2,sp_013_skill_hit
3341121,1,0,random_1,,,skill_dmg~1~2.61~0~0~2,sp_013_skill_hit
3341131,1,0,random_1,,,skill_dmg~1~2.87~0~0~2,sp_013_skill_hit
3341141,1,0,random_1,,,skill_dmg~1~3.19~0~0~2,sp_013_skill_hit
3341151,1,0,mixFirst|hpPoint_1_lt_0.5|random_1,,,skill_dmg~1~2.39~0~0~2,sp_013_skill_hit
3341161,1,0,mixFirst|hpPoint_1_lt_0.4|random_1,,,skill_dmg~1~2.61~0~0~2,sp_013_skill_hit
3341171,1,0,mixFirst|hpPoint_1_lt_0.3|random_1,,,skill_dmg~1~2.87~0~0~2,sp_013_skill_hit
3341181,1,0,mixFirst|hpPoint_1_lt_0.2|random_1,,,skill_dmg~1~3.19~0~0~2,sp_013_skill_hit
3341112,1,0,order_1_min,inherit_all,,skill_dispel~1~-1~1,
3341122,1,0,order_1_min,inherit_all,,skill_dispel~1~-1~1,
3341132,1,0,order_1_min,inherit_all,,skill_dispel~1~-1~1,
3341142,1,0,order_1_min,inherit_all,,skill_dispel~1~-1~1,
3341211,1,1,self_1,,pos_front,skill_extraBuff~1~1~3341211,
3341221,1,1,self_1,,pos_front,skill_extraBuff~1~1~3341221,
3341231,1,1,self_1,,pos_front,skill_extraBuff~1~1~3341231,
3341241,1,1,self_1,,pos_front,skill_extraBuff~1~1~3341241,
3341212,1,1,self_1,,pos_back,skill_extraBuff~1~1~3341212,
3341222,1,1,self_1,,pos_back,skill_extraBuff~1~1~3341222,
3341232,1,1,self_1,,pos_back,skill_extraBuff~1~1~3341232,
3341242,1,1,self_1,,pos_back,skill_extraBuff~1~1~3341242,
3341411,1,1,self_1,,,skill_extraBuff~1~1~3341411,
3341421,1,1,self_1,,,skill_extraBuff~1~1~3341421,
3341431,1,1,self_1,,,skill_extraBuff~1~1~3341431,
3341441,1,1,self_1,,,skill_extraBuff~1~1~3341441,
3341412,1,1,self_1,,,skill_replace~special~334115,
3341422,1,1,self_1,,,skill_replace~special~334116,
3341432,1,1,self_1,,,skill_replace~special~334117,
3341442,1,1,self_1,,,skill_replace~special~334118,
3341511,1,1,self_1,,,skill_extraBuff~1~1~3341511,
3342011,1,0,order_1_min,,,skill_dmg~1~1~0~0~2,sp_bt_critical_2
3342111,1,0,order_6_min,,,skill_dmg~1~0.81~0~0~2,
3342121,1,0,order_6_min,,,skill_dmg~1~0.88~0~0~2,
3342131,1,0,order_6_min,,,skill_dmg~1~0.97~0~0~2,
3342112,1,0,order_6_min,inherit_all,,skill_energy~0.5~-50,
3342122,1,0,order_6_min,inherit_all,,skill_energy~0.5~-50,
3342132,1,0,order_6_min,inherit_all,,skill_energy~0.5~-50,
3342113,1,0,order_6_min,inherit_all,,skill_extraBuff~0.4~1~3342113,
3342123,1,0,order_6_min,inherit_all,,skill_extraBuff~0.4~1~3342123,
3342133,1,0,order_6_min,inherit_all,,skill_extraBuff~0.4~1~3342133,
3342211,1,1,self_1,,,skill_extraBuff~1~1~3342211,
3342221,1,1,self_1,,,skill_extraBuff~1~1~3342221,
3342231,1,1,self_1,,,skill_extraBuff~1~1~3342231,
3342212,1,1,self_1,,,skill_extraBuff~1~1~3342212,
3342222,1,1,self_1,,,skill_extraBuff~1~1~3342222,
3342232,1,1,self_1,,,skill_extraBuff~1~1~3342232,
3342411,1,0,elem_6_1_2_4_5,,,skill_extraBuff~1~1~3342411,
3342421,1,0,elem_6_1_2_4_5,,,skill_extraBuff~1~1~3342421,
3342431,1,0,elem_6_1_2_4_5,,,skill_extraBuff~1~1~3342431,
3342412,1,1,self_1,,,skill_extraBuff~1~2~3342412~3342413,
3342422,1,1,self_1,,,skill_extraBuff~1~2~3342422~3342423,
3342432,1,1,self_1,,,skill_extraBuff~1~2~3342432~3342433,
3344011,1,0,order_1_min,,,skill_dmg~1~1~0~0~2,sp_bt_critical_2
3344111,1,0,order_1_min,,,skill_dmg~1~2.28~0~0~2,
3344121,1,0,order_1_min,,,skill_dmg~1~2.49~0~0~2,
3344131,1,0,order_1_min,,,skill_dmg~1~2.73~0~0~2,
3344141,1,0,order_1_min,,,skill_dmg~1~3.04~0~0~2,
3344112,1,1,hpRatio_3_min,,,skill_dispel~1~-1~10,
3344122,1,1,hpRatio_3_min,,,skill_dispel~1~-1~10,
3344132,1,1,hpRatio_3_min,,,skill_dispel~1~-1~10,
3344142,1,1,hpRatio_3_min,,,skill_dispel~1~-1~10,
3344113,1,1,hpRatio_3_min,,,skill_dmg~2~-0.15~2~-0.11~2,
3344123,1,1,hpRatio_3_min,,,skill_dmg~2~-0.17~2~-0.12~2,
3344133,1,1,hpRatio_3_min,,,skill_dmg~2~-0.18~2~-0.14~2,
3344143,1,1,hpRatio_3_min,,,skill_dmg~2~-0.2~2~-0.15~2,
3344211,1,1,self_1,,,skill_extraBuff~1~1~3344211,
3344221,1,1,self_1,,,skill_extraBuff~1~1~3344221,
3344231,1,1,self_1,,,skill_extraBuff~1~1~3344231,
3344241,1,1,self_1,,,skill_extraBuff~1~1~3344241,
3344212,1,1,back_4_1,,,skill_extraBuff~1~1~3344212,
3344222,1,1,back_4_1,,,skill_extraBuff~1~1~3344222,
3344232,1,1,back_4_1,,,skill_extraBuff~1~1~3344232,
3344242,1,1,back_4_1,,,skill_extraBuff~1~1~3344242,
3344411,1,1,self_1,,,skill_extraBuff~1~1~3344411,
3344421,1,1,self_1,,,skill_extraBuff~1~1~3344421,
3344431,1,1,self_1,,,skill_extraBuff~1~1~3344431,
3344441,1,1,self_1,,,skill_extraBuff~1~1~3344441,
3344511,1,1,elem_6_6,,,skill_extraBuff~1~1~3344511,
3345011,1,0,order_1_min,,,skill_dmg~1~1~0~0~2,sp_bt_critical_2
3345111,1,0,attr_2_max_10,,,skill_dmg~1~1.19~0~0~2,
3345121,1,0,attr_2_max_10,,,skill_dmg~1~1.3~0~0~2,
3345131,1,0,attr_2_max_10,,,skill_dmg~1~1.42~0~0~2,
3345141,1,0,attr_2_max_10,,,skill_dmg~1~1.58~0~0~2,
3345112,1,0,order_6_min,,,skill_dmg~1~0~4~0.33~2,
3345122,1,0,order_6_min,,,skill_dmg~1~0~4~0.36~2,
3345132,1,0,order_6_min,,,skill_dmg~1~0~4~0.4~2,
3345142,1,0,order_6_min,,,skill_dmg~1~0~4~0.44~2,
3345113,1,0,order_6_min,inherit_all,,skill_extraBuff~0.55~1~3345113,
3345123,1,0,order_6_min,inherit_all,,skill_extraBuff~0.55~1~3345123,
3345133,1,0,order_6_min,inherit_all,,skill_extraBuff~0.55~1~3345133,
3345143,1,0,order_6_min,inherit_all,,skill_extraBuff~0.55~1~3345143,
3345211,1,1,self_1,,,skill_extraBuff~1~1~3345211,
3345221,1,1,self_1,,,skill_extraBuff~1~1~3345221,
3345231,1,1,self_1,,,skill_extraBuff~1~1~3345231,
3345241,1,1,self_1,,,skill_extraBuff~1~1~3345241,
3345212,1,1,self_1,,,skill_extraBuff~1~1~3345212,
3345222,1,1,self_1,,,skill_extraBuff~1~1~3345222,
3345232,1,1,self_1,,,skill_extraBuff~1~1~3345232,
3345242,1,1,self_1,,,skill_extraBuff~1~1~3345242,
3345411,1,1,self_1,,,skill_extraBuff~1~1~3345411,
3345421,1,1,self_1,,,skill_extraBuff~1~1~3345421,
3345431,1,1,self_1,,,skill_extraBuff~1~1~3345431,
3345441,1,1,self_1,,,skill_extraBuff~1~1~3345441,
3345412,1,1,self_1,,,skill_extraBuff~1~1~3345412,
3345422,1,1,self_1,,,skill_extraBuff~1~1~3345422,
3345432,1,1,self_1,,,skill_extraBuff~1~1~3345432,
3345442,1,1,self_1,,,skill_extraBuff~1~1~3345442,
3345511,1,1,self_1,,,skill_extraBuff~1~1~3345511,
3346011,1,0,order_1_min,,,skill_dmg~1~1~0~0~2,sp_bt_critical_2
3346111,1,0,random_3,,,skill_dmg~1~1~0~0~2,
3346121,1,0,random_3,,,skill_dmg~1~1.1~0~0~2,
3346131,1,0,random_3,,,skill_dmg~1~1.2~0~0~2,
3346141,1,0,random_3,,,skill_dmg~1~1.34~0~0~2,
3346112,1,1,self_1,,,skill_extraBuff~1~1~3346112,
3346122,1,1,self_1,,,skill_extraBuff~1~1~3346122,
3346132,1,1,self_1,,,skill_extraBuff~1~1~3346132,
3346142,1,1,self_1,,,skill_extraBuff~1~1~3346142,
3445011,1,0,order_1_min,,,skill_dmg~1~1~0~0~2,sp_bt_critical_2
3445111,1,0,hp_2_min,,,skill_dmg~1~1.4~2~0.03~2,sp_459_attack_hit
3445121,1,0,hp_2_min,,,skill_dmg~1~1.53~2~0.035~2,sp_459_attack_hit
3445131,1,0,hp_2_min,,,skill_dmg~1~1.68~2~0.04~2,sp_459_attack_hit
3445141,1,0,hp_2_min,,,skill_dmg~1~1.87~2~0.05~2,sp_459_attack_hit
3445112,1,0,order_2_min,inherit_all,,skill_dispel~1~-1~1,
3445122,1,0,order_2_min,inherit_all,,skill_dispel~1~-1~1,
3445132,1,0,order_2_min,inherit_all,,skill_dispel~1~-1~1,
3445142,1,0,order_2_min,inherit_all,,skill_dispel~1~-1~1,
3445211,1,1,self_1,,,skill_extraBuff~1~1~3445211,
3445221,1,1,self_1,,,skill_extraBuff~1~1~3445221,
3445231,1,1,self_1,,,skill_extraBuff~1~1~3445231,
3445241,1,1,self_1,,,skill_extraBuff~1~1~3445241,
3445411,1,1,self_1,,,skill_extraBuff~1~1~3445411,
3445421,1,1,self_1,,,skill_extraBuff~1~1~3445421,
3445431,1,1,self_1,,,skill_extraBuff~1~1~3445431,
3445441,1,1,self_1,,,skill_extraBuff~1~1~3445441,
3445412,1,1,self_1,,,skill_extraBuff~1~1~3445412,
3445422,1,1,self_1,,,skill_extraBuff~1~1~3445422,
3445432,1,1,self_1,,,skill_extraBuff~1~1~3445432,
3445442,1,1,self_1,,,skill_extraBuff~1~1~3445442,
3445511,1,1,self_1,,,skill_extraBuff~1~1~3445511,
3445512,1,1,self_1,,,skill_extraBuff~1~1~3445512,
3448011,1,0,order_1_min,,,skill_dmg~1~1~0~0~2,sp_bt_critical_2
3448021,1,0,random_1,,,skill_dmg~1~1~0~0~2,sp_bt_critical_2
3448031,1,0,random_1,,,skill_dmg~1~1~0~0~2,sp_bt_critical_2
3448041,1,0,random_1,,,skill_dmg~1~1~0~0~2,sp_bt_critical_2
3448051,1,0,random_1,,,skill_dmg~1~1~0~0~2,sp_bt_critical_2
3448111,1,0,hp_3_max,,,skill_dmg~1~1.6~0~0~2,
3448121,1,0,hp_3_max,,,skill_dmg~1~1.75~0~0~2,
3448131,1,0,hp_3_max,,,skill_dmg~1~1.92~0~0~2,
3448141,1,0,hp_3_max,,,skill_dmg~1~2.14~0~0~2,
3448112,1,0,random_1,,,skill_extraBuff~1~1~1020,
3448122,1,0,random_1,,,skill_extraBuff~1~1~1020,
3448132,1,0,random_1,,,skill_extraBuff~1~1~1020,
3448142,1,0,random_1,,,skill_extraBuff~1~1~1020,
3448211,1,1,self_1,,,skill_extraBuff~1~1~3448211,
3448221,1,1,self_1,,,skill_extraBuff~1~1~3448221,
3448231,1,1,self_1,,,skill_extraBuff~1~1~3448231,
3448241,1,1,self_1,,,skill_extraBuff~1~1~3448241,
3448212,1,1,self_1,,,skill_extraBuff~1~1~3448212,
3448222,1,1,self_1,,,skill_extraBuff~1~1~3448222,
3448232,1,1,self_1,,,skill_extraBuff~1~1~3448232,
3448242,1,1,self_1,,,skill_extraBuff~1~1~3448242,
3448411,1,1,self_1,,,skill_replace~normal~344802,
3448421,1,1,self_1,,,skill_replace~normal~344803,
3448431,1,1,self_1,,,skill_replace~normal~344804,
3448441,1,1,self_1,,,skill_replace~normal~344805,
3448412,1,1,self_1,,,skill_extraBuff~1~1~3448412,
3448422,1,1,self_1,,,skill_extraBuff~1~1~3448422,
3448432,1,1,self_1,,,skill_extraBuff~1~1~3448432,
3448442,1,1,self_1,,,skill_extraBuff~1~1~3448442,
3448511,1,1,order_6_min,,,skill_extraBuff~1~1~3448511,
3468011,1,0,order_1_min,,,skill_dmg~1~1~0~0~2,sp_bt_critical_2
3468111,1,0,order_6_min,,,skill_dmg~1~0.85~0~0~2,
3468121,1,0,order_6_min,,,skill_dmg~1~0.93~0~0~2,
3468131,1,0,order_6_min,,,skill_dmg~1~1.02~0~0~2,
3468141,1,0,order_6_min,,,skill_dmg~1~1.13~0~0~2,
3468112,0.7,0,order_6_min,inherit_all,,skill_extraBuff~0.3~1~1010~1015,
3468122,0.7,0,order_6_min,inherit_all,,skill_extraBuff~0.3~1~1010~1015,
3468132,0.7,0,order_6_min,inherit_all,,skill_extraBuff~0.3~1~1010~1015,
3468142,0.7,0,order_6_min,inherit_all,,skill_extraBuff~0.3~1~1010~1015,
3468113,1,0,order_6_min,,,skill_extraBuff~0.5~1~3468113,
3468123,1,0,order_6_min,,,skill_extraBuff~0.5~1~3468123,
3468133,1,0,order_6_min,,,skill_extraBuff~0.5~1~3468133,
3468143,1,0,order_6_min,,,skill_extraBuff~0.5~1~3468143,
3468211,1,1,self_1,,,skill_extraBuff~1~1~3468211,
3468221,1,1,self_1,,,skill_extraBuff~1~1~3468221,
3468231,1,1,self_1,,,skill_extraBuff~1~1~3468231,
3468241,1,1,self_1,,,skill_extraBuff~1~1~3468241,
3468411,1,1,self_1,,,skill_extraBuff~1~1~3468411,
3468421,1,1,self_1,,,skill_extraBuff~1~1~3468421,
3468431,1,1,self_1,,,skill_extraBuff~1~1~3468431,
3468441,1,1,self_1,,,skill_extraBuff~1~1~3468441,
3468412,1,1,self_1,,,skill_extraBuff~1~1~3468412,
3468422,1,1,self_1,,,skill_extraBuff~1~1~3468422,
3468432,1,1,self_1,,,skill_extraBuff~1~1~3468432,
3468442,1,1,self_1,,,skill_extraBuff~1~1~3468442,
3468511,1,1,self_1,,,skill_extraBuff~1~1~3468511,
3468512,1,1,self_1,,,skill_extraBuff~1~1~3468512,
3470011,1,0,order_1_min,,,skill_dmg~1~1~0~0~2,sp_bt_critical_2
3470111,1,0,front_2_1,,,skill_dmg~1~1.16~0~0~2,
3470121,1,0,front_2_1,,,skill_dmg~1~1.27~0~0~2,
3470131,1,0,front_2_1,,,skill_dmg~1~1.39~0~0~2,
3470141,1,0,front_2_1,,,skill_dmg~1~1.54~0~0~2,
3470112,1,0,order_2_min,inherit_all,,skill_extraBuff~1~1~3470112,
3470122,1,0,order_2_min,inherit_all,,skill_extraBuff~1~1~3470122,
3470132,1,0,order_2_min,inherit_all,,skill_extraBuff~1~1~3470132,
3470142,1,0,order_2_min,inherit_all,,skill_extraBuff~1~1~3470142,
3470211,1,1,self_1,,,skill_heroCntBuff~elem_enemy_5~3470211,
3470221,1,1,self_1,,,skill_heroCntBuff~elem_enemy_5~3470221,
3470231,1,1,self_1,,,skill_heroCntBuff~elem_enemy_5~3470231,
3470241,1,1,self_1,,,skill_heroCntBuff~elem_enemy_5~3470241,
3470212,1,1,self_1,,,skill_extraBuff~1~1~3470212,
3470222,1,1,self_1,,,skill_extraBuff~1~1~3470222,
3470232,1,1,self_1,,,skill_extraBuff~1~1~3470232,
3470242,1,1,self_1,,,skill_extraBuff~1~1~3470242,
3470411,1,1,self_1,,,skill_heroCntBuff~elem_enemy_6~3470411,
3470421,1,1,self_1,,,skill_heroCntBuff~elem_enemy_6~3470421,
3470431,1,1,self_1,,,skill_heroCntBuff~elem_enemy_6~3470431,
3470441,1,1,self_1,,,skill_heroCntBuff~elem_enemy_6~3470441,
3470412,1,1,self_1,,,skill_extraBuff~1~1~3470412,
3470422,1,1,self_1,,,skill_extraBuff~1~1~3470422,
3470432,1,1,self_1,,,skill_extraBuff~1~1~3470432,
3470442,1,1,self_1,,,skill_extraBuff~1~1~3470442,
3470511,1,1,self_1,,,skill_extraBuff~1~1~3470511,
3470512,1,1,self_1,,,skill_extraBuff~1~1~3470512,
4003011,1,0,order_1_min,,,skill_dmg~1~1~0~0~2,boss3_attack1_hit
4003111,1,0,order_6_min,,,skill_dmg~1~0.23~0~0~2,
4003112,1,0,order_6_min,inherit_all,,skill_extraBuff~1~1~4003112,
4003211,1,1,self_1,,,skill_extraBuff~1~1~4003211,
4003311,1,1,self_1,,,skill_extraBuff~1~1~4003311,
4003312,1,1,self_1,,,skill_extraBuff~1~1~4003312,
